,title,rating,genre,release_date,ranking,director,cast,budget,runtime,cum_worldwide_gross
0,The Shawshank Redemption ,,Drama,14 October 1994,9.3,Frank Darabont,Tim Robbins;Morgan Freeman;Bob Gunton;William Sadler;Clancy Brown;Gil Bellows;Mark Rolston;James Whitmore;Jeffrey DeMunn;Larry Brandenburg;Neil Giuntoli;Brian Libby;David Proval;Joseph Ragno;Jude Ciccolella,25000000,142,58500000
1,The Godfather ,,"Crime; 
Drama",24 March 1972,9.2,Francis Ford Coppola,Marlon Brando;Al Pacino;James Caan;Richard S. Castellano;Robert Duvall;Sterling Hayden;John Marley;Richard Conte;Al Lettieri;Diane Keaton;Abe Vigoda;Talia Shire;Gianni Russo;John Cazale;Rudy Bond,6000000,175,245066411
2,The Godfather: Part II ,PG,"Crime; 
Drama",20 December 1974,9.0,Francis Ford Coppola,Al Pacino;Robert Duvall;Diane Keaton;Robert De Niro;John Cazale;Talia Shire;Lee Strasberg;Michael V. Gazzo;G.D. Spradlin;Richard Bright;Gastone Moschin;Tom Rosqui;Bruno Kirby;Frank Sivero;Francesca De Sapio,13000000,202,
3,The Dark Knight ,PG,"Action; 
Crime; 
Drama",18 July 2008,9.0,Christopher Nolan,Christian Bale;Heath Ledger;Aaron Eckhart;Michael Caine;Maggie Gyllenhaal;Gary Oldman;Morgan Freeman;Monique Gabriela Curnen;Ron Dean;Cillian Murphy;Chin Han;Nestor Carbonell;Eric Roberts;Ritchie Coster;Anthony Michael Hall,185000000,152,1004558444
4,12 Angry Men ,PG,Drama,April 1957,8.9,Sidney Lumet,Martin Balsam;John Fiedler;Lee J. Cobb;E.G. Marshall;Jack Klugman;Edward Binns;Jack Warden;Henry Fonda;Joseph Sweeney;Ed Begley;George Voskovec;Robert Webber,350000,96,
5,Schindler's List ,,,25 December 1993,8.9,Steven Spielberg,Liam Neeson;Ben Kingsley;Ralph Fiennes;Caroline Goodall;Jonathan Sagall;Embeth Davidtz;Malgorzata Gebel;Shmuel Levy;Mark Ivanir;Béatrice Macola;Andrzej Seweryn;Friedrich von Thun;Krzysztof Luft;Harry Nehring;Norbert Weisser,22000000,195,221000000
6,The Lord of the Rings: The Return of the King ,,"Action; 
Adventure; 
Drama",17 December 2003,8.9,Peter Jackson,Noel Appleby;Ali Astin;Sean Astin;David Aston;John Bach;Sean Bean;Cate Blanchett;Orlando Bloom;Billy Boyd;Sadwyn Brophy;Alistair Browning;Marton Csokas;Richard Edge;Jason Fitch;Bernard Hill,94000000,201,1119929521
7,Pulp Fiction ,,"Crime; 
Drama",14 October 1994,8.9,Quentin Tarantino,Tim Roth;Amanda Plummer;Laura Lovelace;John Travolta;Samuel L. Jackson;Phil LaMarr;Frank Whaley;Burr Steers;Bruce Willis;Ving Rhames;Paul Calderon;Bronagh Gallagher;Rosanna Arquette;Eric Stoltz;Uma Thurman,8000000,154,213928762
8,"Il buono, il brutto, il cattivo ",,,23 December 1966,8.9,Sergio Leone,Eli Wallach;Clint Eastwood;Lee Van Cleef;Aldo Giuffrè;Luigi Pistilli;Rada Rassimov;Enzo Petito;Claudio Scarchilli;John Bartha;Livio Lorenzon;Antonio Casale;Sandro Scarchilli;Benito Stefanelli;Angelo Novi;Antonio Casas,1200000,161,
9,Fight Club ,R,Drama,15 October 1999,8.8,David Fincher,Edward Norton;Brad Pitt;Meat Loaf;Zach Grenier;Richmond Arquette;David Andrews;George Maguire;Eugenie Bondurant;Helena Bonham Carter;Christina Cabot;Sydney 'Big Dawg' Colston;Rachel Singer;Christie Cronenweth;Tim DeZarn;Ezra Buzzington,63000000,139,71000000
10,The Lord of the Rings: The Fellowship of the Ring ,,"Adventure; 
Drama; 
Fantasy",19 December 2001,8.8,Peter Jackson,Alan Howard;Noel Appleby;Sean Astin;Sala Baker;Sean Bean;Cate Blanchett;Orlando Bloom;Billy Boyd;Marton Csokas;Megan Edwards;Michael Elsworth;Mark Ferguson;Ian Holm;Christopher Lee;Lawrence Makoare,93000000,178,871530324
11,Forrest Gump ,PG,"Drama; 
Romance",6 July 1994,8.8,Robert Zemeckis,Tom Hanks;Rebecca Williams;Sally Field;Michael Conner Humphreys;Harold G. Herthum;George Kelly;Bob Penny;John Randall;Sam Anderson;Margo Moorer;Ione M. Telech;Christine Seabrook;John Worsham;Peter Dobson;Siobhan Fallon Hogan,55000000,142,677945399
12,Star Wars: Episode V - The Empire Strikes Back ,G,"Action; 
Adventure; 
Fantasy",20 June 1980,8.8,Irvin Kershner,Mark Hamill;Harrison Ford;Carrie Fisher;Billy Dee Williams;Anthony Daniels;David Prowse;Peter Mayhew;Kenny Baker;Frank Oz;Alec Guinness;Jeremy Bulloch;John Hollis;Jack Purvis;Des Webb;Clive Revill,18000000,124,247916602
13,Inception ,PG,"Action; 
Adventure; 
Sci-Fi",16 July 2010,8.8,Christopher Nolan,Leonardo DiCaprio;Joseph Gordon-Levitt;Ellen Page;Tom Hardy;Ken Watanabe;Dileep Rao;Cillian Murphy;Tom Berenger;Marion Cotillard;Pete Postlethwaite;Michael Caine;Lukas Haas;Tai-Li Lee;Claire Geare;Magnus Nolan,160000000,148,825532764
14,The Lord of the Rings: The Two Towers ,,"Adventure; 
Drama; 
Fantasy",18 December 2002,8.7,Peter Jackson,Bruce Allpress;Sean Astin;John Bach;Sala Baker;Cate Blanchett;Orlando Bloom;Billy Boyd;Jed Brophy;Sam Comery;Brad Dourif;Calum Gittins;Bernard Hill;Bruce Hopkins;Paris Howe Strewe;Christopher Lee,94000000,179,926047111
15,One Flew Over the Cuckoo's Nest ,,Drama,19 November 1975,8.7,Milos Forman,Jack Nicholson;Louise Fletcher;Will Sampson;Michael Berryman;Alonzo Brown;Peter Brocco;Scatman Crothers;Dean R. Brooks;Mwako Cumbuka;Danny DeVito;William Duell;Josip Elic;Lan Fendors;Nathan George;Ken Kenny,4400000,133,
16,Goodfellas ,,"Crime; 
Drama",21 September 1990,8.7,Martin Scorsese,Robert De Niro;Ray Liotta;Joe Pesci;Lorraine Bracco;Paul Sorvino;Frank Sivero;Tony Darrow;Mike Starr;Frank Vincent;Chuck Low;Frank DiLeo;Henny Youngman;Gina Mastrogiacomo;Catherine Scorsese;Charles Scorsese,25000000,146,
17,The Matrix ,,"Action; 
Sci-Fi",31 March 1999,8.7,,Keanu Reeves;Laurence Fishburne;Carrie-Anne Moss;Hugo Weaving;Gloria Foster;Joe Pantoliano;Marcus Chong;Julian Arahanga;Matt Doran;Belinda McClory;Anthony Ray Parker;Paul Goddard;Robert Taylor;David Aston;Marc Aden Gray,63000000,136,463517383
18,Shichinin no samurai ,PG,"Adventure; 
Drama",26 April 1954,8.7,Akira Kurosawa,Toshirô Mifune;Takashi Shimura;Keiko Tsushima;Yukiko Shimazaki;Kamatari Fujiwara;Daisuke Katô;Isao Kimura;Minoru Chiaki;Seiji Miyaguchi;Yoshio Kosugi;Bokuzen Hidari;Yoshio Inaba;Yoshio Tsuchiya;Kokuten Kôdô;Eijirô Tôno,2000000,207,
19,Cidade de Deus ,,"Crime; 
Drama",30 August 2002,8.6,,Alexandre Rodrigues;Leandro Firmino;Phellipe Haagensen;Douglas Silva;Jonathan Haagensen;Matheus Nachtergaele;Seu Jorge;Jefechander Suplino;Alice Braga;Emerson Gomes;Edson Oliveira;Michel Gomes;Roberta Rodrigues;Luis Otávio;Kiko Marques,3300000,130,32059295
20,Se7en ,,"Crime; 
Drama; 
Mystery",22 September 1995,8.6,David Fincher,Morgan Freeman;Andrew Kevin Walker;Daniel Zacapa;Brad Pitt;Gwyneth Paltrow;John Cassini;Bob Mack;Peter Crombie;Reg E. Cathey;R. Lee Ermey;George Christy;Endre Hules;Hawthorne James;William Davidson;Bob Collins,33000000,127,327311859
21,Star Wars ,,"Action; 
Adventure; 
Fantasy",25 May 1977,8.6,George Lucas,Mark Hamill;Harrison Ford;Carrie Fisher;Peter Cushing;Alec Guinness;Anthony Daniels;Kenny Baker;Peter Mayhew;David Prowse;Phil Brown;Shelagh Fraser;Jack Purvis;Alex McCrindle;Eddie Byrne;Drewe Henley,11000000,121,775398007
22,The Silence of the Lambs ,,"Crime; 
Drama; 
Thriller",14 February 1991,8.6,Jonathan Demme,Jodie Foster;Lawrence A. Bonney;Kasi Lemmons;Lawrence T. Wrentz;Scott Glenn;Anthony Heald;Frankie Faison;Don Brockett;Frank Seals Jr.;Stuart Rudin;Anthony Hopkins;Maria Skorobogatov;Jeffrie Lane;Leib Lensky;George 'Red' Schwartz,19000000,118,272742922
23,It's a Wonderful Life ,G,"Drama; 
Family; 
Fantasy",7 January 1947,8.6,Frank Capra,James Stewart;Donna Reed;Lionel Barrymore;Thomas Mitchell;Henry Travers;Beulah Bondi;Frank Faylen;Ward Bond;Gloria Grahame;H.B. Warner;Frank Albertson;Todd Karns;Samuel S. Hinds;Mary Treen;Virginia Patton,3180000,130,
24,La vita è bella ,PG,"Comedy; 
Drama; 
Romance",6 November 1998,8.6,Roberto Benigni,Roberto Benigni;Nicoletta Braschi;Giorgio Cantarini;Giustino Durano;Sergio Bini Bustric;Marisa Paredes;Horst Buchholz;Lidia Alfonsi;Giuliana Lojodice;Amerigo Fontani;Pietro De Silva;Francesco Guzzo;Raffaella Lebboroni;Claudio Alfonsi;Gil Baroni,20000000,116,229163264
25,The Usual Suspects ,,"Crime; 
Mystery; 
Thriller",15 September 1995,8.6,Bryan Singer,Stephen Baldwin;Gabriel Byrne;Benicio Del Toro;Kevin Pollak;Kevin Spacey;Chazz Palminteri;Pete Postlethwaite;Suzy Amis;Giancarlo Esposito;Dan Hedaya;Paul Bartel;Carl Bressler;Phillipe Simon;Jack Shearer;Christine Estabrook,6000000,106,34449356
26,Sen to Chihiro no kamikakushi ,PG,,20 July 2001,8.6,,Rumi Hiiragi;Miyu Irino;Mari Natsuki;Takashi Naitô;Yasuko Sawaguchi;Tatsuya Gashûin;Ryûnosuke Kamiki;Yumi Tamai;Yô Ôizumi;Koba Hayashi;Tsunehiko Kamijô;Takehiko Ono;Bunta Sugawara;Shigeru Wakita;Shirô Saitô,19000000,125,274925095
27,Saving Private Ryan ,,"Drama; 
War",24 July 1998,8.6,Steven Spielberg,Tom Hanks;Tom Sizemore;Edward Burns;Barry Pepper;Adam Goldberg;Vin Diesel;Giovanni Ribisi;Jeremy Davies;Matt Damon;Ted Danson;Paul Giamatti;Dennis Farina;Joerg Stadler;Max Martini;Dylan Bruno,70000000,169,481840909
28,Spider-Man: Into the Spider-Verse ,PG,,14 December 2018,8.7,,Shameik Moore;Jake Johnson;Hailee Steinfeld;Mahershala Ali;Brian Tyree Henry;Lily Tomlin;Luna Lauren Velez;Zoë Kravitz;John Mulaney;Kimiko Glenn;Nicolas Cage;Kathryn Hahn;Liev Schreiber;Chris Pine;Natalie Morales,90000000,117,149653583
29,Léon ,,"Crime; 
Drama; 
Thriller",14 September 1994,8.6,Luc Besson,Jean Reno;Gary Oldman;Natalie Portman;Danny Aiello;Peter Appel;Willi One Blood;Don Creech;Keith A. Glascoe;Randolph Scott;Michael Badalucco;Ellen Greene;Elizabeth Regen;Carl J. Matusovich;Frank Senger;Lucius Wyatt Cherokee,,110,45501238
30,The Green Mile ,,"Crime; 
Drama; 
Fantasy",10 December 1999,8.5,Frank Darabont,Tom Hanks;David Morse;Bonnie Hunt;Michael Clarke Duncan;James Cromwell;Michael Jeter;Graham Greene;Doug Hutchison;Sam Rockwell;Barry Pepper;Jeffrey DeMunn;Patricia Clarkson;Harry Dean Stanton;Dabbs Greer;Eve Brent,60000000,189,286801374
31,Interstellar ,PG,"Adventure; 
Drama; 
Sci-Fi",7 November 2014,8.6,Christopher Nolan,Ellen Burstyn;Matthew McConaughey;Mackenzie Foy;John Lithgow;Timothée Chalamet;David Oyelowo;Collette Wolfe;Francis X. McCarthy;Bill Irwin;Anne Hathaway;Andrew Borba;Wes Bentley;William Devane;Michael Caine;David Gyasi,165000000,169,675020017
32,Psycho ,,,8 September 1960,8.5,Alfred Hitchcock,Anthony Perkins;Vera Miles;John Gavin;Janet Leigh;Martin Balsam;John McIntire;Simon Oakland;Frank Albertson;Patricia Hitchcock;Vaughn Taylor;Lurene Tuttle;John Anderson;Mort Mills,806947,109,50000000
33,American History X ,,Drama,20 November 1998,8.5,Tony Kaye,Edward Norton;Edward Furlong;Beverly D'Angelo;Jennifer Lien;Ethan Suplee;Fairuza Balk;Avery Brooks;Elliott Gould;Stacy Keach;William Russ;Guy Torry;Joe Cortese;Jason Bose Smith;Antonio David Lyons;Alex Sol,7500000,119,23875127
34,City Lights ,G,"Comedy; 
Drama; 
Romance",7 March 1931,8.5,Charles Chaplin,Virginia Cherrill;Florence Lee;Harry Myers;Al Ernest Garcia;Hank Mann;Charles Chaplin,1500000,87,
35,Once Upon a Time in the West ,,,21 December 1968,8.5,Sergio Leone,Claudia Cardinale;Henry Fonda;Jason Robards;Charles Bronson;Gabriele Ferzetti;Paolo Stoppa;Woody Strode;Jack Elam;Keenan Wynn;Frank Wolff;Lionel Stander,5000000,165,
36,Casablanca ,G,"Drama; 
Romance; 
War",23 January 1943,8.5,Michael Curtiz,Humphrey Bogart;Ingrid Bergman;Paul Henreid;Claude Rains;Conrad Veidt;Sydney Greenstreet;Peter Lorre;S.Z. Sakall;Madeleine Lebeau;Dooley Wilson;Joy Page;John Qualen;Leonid Kinskey;Curt Bois,950000,102,
37,Modern Times ,,"Comedy; 
Drama; 
Family",25 February 1936,8.5,Charles Chaplin,Charles Chaplin;Paulette Goddard;Henry Bergman;Tiny Sandford;Chester Conklin;Hank Mann;Stanley Blystone;Al Ernest Garcia;Richard Alexander;Cecil Reynolds;Mira McKinney;Murdock MacQuarrie;Wilfred Lucas;Edward LeSaint;Fred Malatesta,1500000,87,
38,The Pianist ,,,24 January 2003,8.5,Roman Polanski,Adrien Brody;Emilia Fox;Michal Zebrowski;Ed Stoppard;Maureen Lipman;Frank Finlay;Jessica Kate Meyer;Julia Rayner;Wanja Mues;Richard Ridings;Nomi Sharron;Anthony Milner;Lucy Skeaping;Roddy Skeaping;Ben Harlan,35000000,150,120072577
39,The Intouchables ,,,2 November 2011,8.5,,François Cluzet;Omar Sy;Anne Le Ny;Audrey Fleurot;Joséphine de Meaux;Clotilde Mollet;Alba Gaïa Bellugi;Cyril Mendy;Salimata Kamate;Absa Diatou Toure;Grégoire Oestermann;Dominique Daguier;François Caron;Christian Ameri;Thomas Solivérès,,112,426480871
40,The Departed ,,"Crime; 
Drama; 
Thriller",6 October 2006,8.5,Martin Scorsese,Leonardo DiCaprio;Matt Damon;Jack Nicholson;Mark Wahlberg;Martin Sheen;Ray Winstone;Vera Farmiga;Anthony Anderson;Alec Baldwin;Kevin Corrigan;James Badge Dale;David O'Hara;Mark Rolston;Robert Wahlberg;Kristen Dalton,90000000,151,289847354
41,Terminator 2: Judgment Day ,,"Action; 
Sci-Fi",3 July 1991,8.5,James Cameron,Arnold Schwarzenegger;Linda Hamilton;Edward Furlong;Robert Patrick;Earl Boen;Joe Morton;S. Epatha Merkerson;Castulo Guerra;Danny Cooksey;Jenette Goldstein;Xander Berkeley;Leslie Hamilton Gearren;Ken Gibbel;Robert Winley;Peter Schrum,102000000,137,315000000
42,Back to the Future ,PG,"Adventure; 
Comedy; 
Sci-Fi",3 July 1985,8.5,Robert Zemeckis,Michael J. Fox;Christopher Lloyd;Lea Thompson;Crispin Glover;Thomas F. Wilson;Claudia Wells;Marc McClure;Wendie Jo Sperber;George DiCenzo;Frances Lee McCain;James Tolkan;J.J. Cohen;Casey Siemaszko;Billy Zane;Harry Waters Jr.,19000000,116,381109762
43,Whiplash ,,"Drama; 
Music",15 October 2014,8.5,Damien Chazelle,Miles Teller;J.K. Simmons;Paul Reiser;Melissa Benoist;Austin Stowell;Nate Lang;Chris Mulkey;Damon Gupton;Suanne Spoke;Max Kasch;Charlie Ian;Jayson Blair;Kofi Siriboe;Kavita Patil;C.J. Vana,3300000,106,48982041
44,Rear Window ,PG,"Mystery; 
Thriller",September 1954,8.5,Alfred Hitchcock,James Stewart;Grace Kelly;Wendell Corey;Thelma Ritter;Raymond Burr;Judith Evelyn;Ross Bagdasarian;Georgine Darcy;Sara Berner;Frank Cady;Jesslyn Fax;Rand Harper;Irene Winston;Havis Davenport,1000000,112,36888916
45,Raiders of the Lost Ark ,,"Action; 
Adventure",12 June 1981,8.5,Steven Spielberg,Harrison Ford;Karen Allen;Paul Freeman;Ronald Lacey;John Rhys-Davies;Denholm Elliott;Alfred Molina;Wolf Kahler;Anthony Higgins;Vic Tablian;Don Fellows;William Hootkins;Bill Reimbold;Fred Sorenson;Patrick Durkin,18000000,115,389925971
46,The Lion King ,G,,24 June 1994,8.5,,Rowan Atkinson;Matthew Broderick;Niketa Calame-Harris;Jim Cummings;Whoopi Goldberg;Robert Guillaume;Jeremy Irons;James Earl Jones;Moira Kelly;Nathan Lane;Zoe Leader;Cheech Marin;Ernie Sabella;Madge Sinclair;Jonathan Taylor Thomas,45000000,88,987483777
47,Gladiator ,,"Action; 
Adventure; 
Drama",5 May 2000,8.5,Ridley Scott,Russell Crowe;Joaquin Phoenix;Connie Nielsen;Oliver Reed;Richard Harris;Derek Jacobi;Djimon Hounsou;David Schofield;John Shrapnel;Tomas Arana;Ralf Moeller;Spencer Treat Clark;David Hemmings;Tommy Flanagan;Sven-Ole Thorsen,103000000,155,457640427
48,The Prestige ,,"Drama; 
Mystery; 
Sci-Fi",20 October 2006,8.5,Christopher Nolan,Hugh Jackman;Christian Bale;Michael Caine;Piper Perabo;Rebecca Hall;Scarlett Johansson;Samantha Mahurin;David Bowie;Andy Serkis;Daniel Davis;Jim Piddock;Christopher Neame;Mark Ryan;Roger Rees;Jamie Harris,40000000,130,109676311
49,Apocalypse Now ,R,"Drama; 
War",15 August 1979,8.5,Francis Ford Coppola,Marlon Brando;Martin Sheen;Robert Duvall;Frederic Forrest;Sam Bottoms;Laurence Fishburne;Albert Hall;Harrison Ford;Dennis Hopper;G.D. Spradlin;Jerry Ziesmer;Scott Glenn;Bo Byers;James Keane;Kerry Rossall,31500000,147,
50,Memento ,,"Mystery; 
Thriller",25 May 2001,8.5,Christopher Nolan,Guy Pearce;Carrie-Anne Moss;Joe Pantoliano;Mark Boone Junior;Russ Fega;Jorja Fox;Stephen Tobolowsky;Harriet Sansom Harris;Thomas Lennon;Callum Keith Rennie;Kimberly Campbell;Marianne Muellerleile;Larry Holden,9000000,113,39723096
51,Alien ,R,,22 June 1979,8.5,Ridley Scott,Tom Skerritt;Sigourney Weaver;Veronica Cartwright;Harry Dean Stanton;John Hurt;Ian Holm;Yaphet Kotto;Bolaji Badejo;Helen Horton,11000000,116,203630630
52,The Great Dictator ,PG,"Comedy; 
Drama; 
War",7 March 1941,8.5,Charles Chaplin,Charles Chaplin;Jack Oakie;Reginald Gardiner;Henry Daniell;Billy Gilbert;Grace Hayle;Carter DeHaven;Paulette Goddard;Maurice Moscovitch;Emma Dunn;Bernard Gorcey;Paul Weigel;Chester Conklin;Esther Michelson;Hank Mann,2000000,125,11000000
53,Nuovo Cinema Paradiso ,PG,Drama,17 November 1988,8.5,Giuseppe Tornatore,Antonella Attili;Enzo Cannavale;Isa Danieli;Leo Gullotta;Marco Leonardi;Pupella Maggio;Agnese Nano;Leopoldo Trieste;Salvatore Cascio;Tano Cimarosa;Nicola Di Pinto;Roberta Lena;Nino Terzo;Jacques Perrin;Philippe Noiret,5000000,155,
54,Hotaru no haka ,PG,,16 April 1988,8.5,Isao Takahata,Tsutomu Tatsumi;Ayano Shiraishi;Yoshiko Shinohara;Akemi Yamaguchi;Tadashi Nakamura;Marcy Bannor;Shelley Calene-Black;Luci Christian;Shannon Conley;Justin Doran;Crispin Freeman;Adam Gibbs;Dan Green;Amy Jones;Susan O. Koozin,3700000,89,
55,Avengers: Infinity War ,PG,"Action; 
Adventure; 
Fantasy",27 April 2018,8.5,,Robert Downey Jr.;Chris Hemsworth;Mark Ruffalo;Chris Evans;Scarlett Johansson;Don Cheadle;Benedict Cumberbatch;Tom Holland;Chadwick Boseman;Zoe Saldana;Karen Gillan;Tom Hiddleston;Paul Bettany;Elizabeth Olsen;Anthony Mackie,321000000,149,2048709917
56,Sunset Blvd. ,PG,"Drama; 
Film-Noir",29 September 1950,8.4,Billy Wilder,William Holden;Gloria Swanson;Erich von Stroheim;Nancy Olson;Fred Clark;Lloyd Gough;Jack Webb;Franklyn Farnum;Larry J. Blake;Charles Dayton;Cecil B. DeMille;Hedda Hopper;Buster Keaton;Anna Q. Nilsson;H.B. Warner,1752000,110,5303175
57,The Lives of Others ,,"Drama; 
Thriller",23 March 2006,8.4,Florian Henckel von Donnersmarck,Martina Gedeck;Ulrich Mühe;Sebastian Koch;Ulrich Tukur;Thomas Thieme;Hans-Uwe Bauer;Volkmar Kleinert;Matthias Brenner;Charly Hübner;Herbert Knaup;Bastian Trost;Marie Gruber;Volker Michalowski;Werner Daehn;Martin Brambach,2000000,137,77356819
58,Dr. Strangelove or: How I Learned to Stop Worrying and Love the Bomb ,PG,Comedy,29 January 1964,8.4,Stanley Kubrick,Peter Sellers;George C. Scott;Sterling Hayden;Keenan Wynn;Slim Pickens;Peter Bull;James Earl Jones;Tracy Reed;Jack Creley;Frank Berry;Robert O'Neil;Glenn Beck;Roy Stephens;Shane Rimmer;Hal Galili,1800000,95,
59,Paths of Glory ,PG,"Drama; 
War",November 1957,8.4,Stanley Kubrick,Kirk Douglas;Ralph Meeker;Adolphe Menjou;George Macready;Wayne Morris;Richard Anderson;Joe Turkel;Christiane Kubrick;Jerry Hausner;Peter Capell;Emile Meyer;Bert Freed;Kem Dibbs;Timothy Carey;Fred Bell,935000,88,
60,The Shining ,R,"Drama; 
Horror",13 June 1980,8.4,Stanley Kubrick,Jack Nicholson;Shelley Duvall;Danny Lloyd;Scatman Crothers;Barry Nelson;Philip Stone;Joe Turkel;Anne Jackson;Tony Burton;Lia Beldam;Billie Gibson;Barry Dennen;David Baxt;Manning Redwood;Lisa Burns,19000000,144,
61,Django Unchained ,,"Drama; 
Western",25 December 2012,8.4,Quentin Tarantino,Jamie Foxx;Christoph Waltz;Leonardo DiCaprio;Kerry Washington;Samuel L. Jackson;Walton Goggins;Dennis Christopher;James Remar;David Steen;Dana Gourrier;Nichole Galicia;Laura Cayouette;Ato Essandoh;Sammi Rotibi;Clay Donahue Fontenot,100000000,165,425368238
62,WALL·E ,G,,27 June 2008,8.4,Andrew Stanton,Ben Burtt;Elissa Knight;Jeff Garlin;Fred Willard;MacInTalk;John Ratzenberger;Kathy Najimy;Sigourney Weaver;Teddy Newton;Bob Bergen;John Cygan;Pete Docter;Paul Eiding;Donald Fullilove;Teresa Ganzel,180000000,98,534767889
63,Mononoke-hime ,,,26 November 1999,8.4,Hayao Miyazaki,Billy Crudup;Billy Bob Thornton;Minnie Driver;John DiMaggio;Claire Danes;John DeMita;Jada Pinkett Smith;Gillian Anderson;Keith David;Corey Burton;Tara Strong;Julia Fletcher;Debi Derryberry;Alex Fernandez;Jack Fletcher,,134,159375308
64,Witness for the Prosecution ,PG,"Crime; 
Drama; 
Mystery",6 February 1958,8.4,Billy Wilder,Tyrone Power;Marlene Dietrich;Charles Laughton;Elsa Lanchester;John Williams;Henry Daniell;Ian Wolfe;Torin Thatcher;Norma Varden;Una O'Connor;Francis Compton;Philip Tonge;Ruta Lee,3000000,116,16350000
65,American Beauty ,,Drama,1 October 1999,8.4,Sam Mendes,Kevin Spacey;Annette Bening;Thora Birch;Wes Bentley;Mena Suvari;Peter Gallagher;Allison Janney;Chris Cooper;Scott Bakula;Sam Robards;Barry Del Sherman;Ara Celi;John Cho;Fort Atkinson;Sue Casey,15000000,122,226200000
66,The Dark Knight Rises ,,"Action; 
Thriller",20 July 2012,8.4,Christopher Nolan,Christian Bale;Gary Oldman;Tom Hardy;Joseph Gordon-Levitt;Anne Hathaway;Marion Cotillard;Morgan Freeman;Michael Caine;Matthew Modine;Alon Aboutboul;Ben Mendelsohn;Burn Gorman;Daniel Sunjata;Aidan Gillen;Sam Kennard,250000000,164,1084939099
67,Oldeuboi ,R,"Action; 
Drama; 
Mystery",21 November 2003,8.4,Chan-wook Park,Min-sik Choi;Ji-tae Yu;Hye-jeong Kang;Dae-han Ji;Dal-su Oh;Byeong-ok Kim;Seung-shin Lee;Jin-seo Yoon;Dae-yeon Lee;Kwang-rok Oh;Tae-kyung Oh;Yeon-Seok Yoo;Il-han Oo;Su-hyeon Kim;Seung-jin Lee,3000000,120,14980005
68,Aliens ,R,"Action; 
Adventure; 
Sci-Fi",18 July 1986,8.4,James Cameron,Sigourney Weaver;Carrie Henn;Michael Biehn;Paul Reiser;Lance Henriksen;Bill Paxton;William Hope;Jenette Goldstein;Al Matthews;Mark Rolston;Ricco Ross;Colette Hiller;Daniel Kash;Cynthia Dale Scott;Tip Tipping,18500000,137,131060248
69,Once Upon a Time in America ,,"Crime; 
Drama",1 June 1984,8.4,Sergio Leone,Robert De Niro;James Woods;Elizabeth McGovern;Treat Williams;Tuesday Weld;Burt Young;Joe Pesci;Danny Aiello;William Forsythe;James Hayden;Darlanne Fluegel;Larry Rapp;Dutch Miller;Robert Harper;Richard Bright,30000000,229,
70,Coco ,G,,22 November 2017,8.4,,Anthony Gonzalez;Gael García Bernal;Benjamin Bratt;Alanna Ubach;Renee Victor;Jaime Camil;Alfonso Arau;Herbert Siguenza;Gabriel Iglesias;Lombardo Boyar;Ana Ofelia Murguía;Natalia Cordova-Buckley;Selene Luna;Edward James Olmos;Sofía Espinosa,175000000,,807082196
71,Das Boot ,,"Adventure; 
Drama; 
Thriller",17 September 1981,8.4,Wolfgang Petersen,Jürgen Prochnow;Herbert Grönemeyer;Klaus Wennemann;Hubertus Bengsch;Martin Semmelrogge;Bernd Tauber;Erwin Leder;Martin May;Heinz Hoenig;Uwe Ochsenknecht;Claude-Oliver Rudolph;Jan Fedder;Ralf Richter;Joachim Bernhard;Oliver Stritzel,14000000,149,73482661
72,Citizen Kane ,G,"Drama; 
Mystery",5 September 1941,8.4,Orson Welles,Joseph Cotten;Dorothy Comingore;Agnes Moorehead;Ruth Warrick;Ray Collins;Erskine Sanford;Everett Sloane;William Alland;Paul Stewart;George Coulouris;Fortunio Bonanova;Gus Schilling;Philip Van Zandt;Georgia Backus;Harry Shannon,839727,119,
73,Braveheart ,,,24 May 1995,8.4,Mel Gibson,James Robinson;Sean Lawlor;Sandy Nelson;James Cosmo;Sean McGinley;Alan Tall;Andrew Weir;Gerda Stevenson;Ralph Riach;Mhairi Calvey;Brian Cox;Patrick McGoohan;Peter Hanly;Sophie Marceau;Stephen Billington,72000000,178,210409945
74,Vertigo ,G,"Mystery; 
Romance; 
Thriller",21 July 1958,8.3,Alfred Hitchcock,James Stewart;Kim Novak;Barbara Bel Geddes;Tom Helmore;Henry Jones;Raymond Bailey;Ellen Corby;Konstantin Shayne;Lee Patrick,2479000,128,25000000
75,North by Northwest ,,"Adventure; 
Mystery; 
Thriller",26 September 1959,8.3,Alfred Hitchcock,Cary Grant;Eva Marie Saint;James Mason;Jessie Royce Landis;Leo G. Carroll;Josephine Hutchinson;Philip Ober;Martin Landau;Adam Williams;Edward Platt;Robert Ellenstein;Les Tremayne;Philip Coolidge;Patrick McVey;Edward Binns,3101000,136,22213000
76,Reservoir Dogs ,,"Crime; 
Drama; 
Thriller",2 September 1992,8.3,Quentin Tarantino,Harvey Keitel;Tim Roth;Michael Madsen;Chris Penn;Steve Buscemi;Lawrence Tierney;Randy Brooks;Kirk Baltz;Edward Bunker;Quentin Tarantino;Rich Turner;David Steen;Tony Cosmo;Stevo Polyi;Michael Sottile,1200000,99,
77,Star Wars: Episode VI - Return of the Jedi ,G,"Action; 
Adventure; 
Fantasy",25 May 1983,8.3,Richard Marquand,Mark Hamill;Harrison Ford;Carrie Fisher;Billy Dee Williams;Anthony Daniels;Peter Mayhew;Sebastian Shaw;Ian McDiarmid;Frank Oz;James Earl Jones;David Prowse;Alec Guinness;Kenny Baker;Michael Pennington;Kenneth Colley,32500000,131,572705079
78,M - Eine Stadt sucht einen Mörder ,,"Crime; 
Mystery; 
Thriller",31 August 1931,8.3,Fritz Lang,Peter Lorre;Ellen Widmann;Inge Landgut;Otto Wernicke;Theodor Loos;Gustaf Gründgens;Friedrich Gnaß;Fritz Odemar;Paul Kemp;Theo Lingen;Rudolf Blümner;Georg John;Franz Stein;Ernst Stahl-Nachbaur;Gerhard Bienert,,117,
79,Kimi no na wa. ,G,,26 August 2016,8.4,Makoto Shinkai,Ryûnosuke Kamiki;Mone Kamishiraishi;Ryô Narita;Aoi Yûki;Nobunaga Shimazaki;Kaito Ishikawa;Kanon Tani;Masaki Terasoma;Sayaka Ôhara;Kazuhiko Inoue;Chafûrin;Kana Hanazawa;Yuka Terasaki;Takashi Onozuka;Yôhei Namekawa,,106,357986087
80,Amadeus ,PG,,19 September 1984,8.3,Milos Forman,F. Murray Abraham;Tom Hulce;Elizabeth Berridge;Roy Dotrice;Simon Callow;Christine Ebersole;Jeffrey Jones;Charles Kay;Kenneth McMillan;Kenny Baker;Lisbeth Bartlett;Barbara Bryne;Martin Cavina;Roderick Cook;Milan Demjanenko,18000000,160,
81,Requiem for a Dream ,R,Drama,3 November 2000,8.3,Darren Aronofsky,Ellen Burstyn;Jared Leto;Jennifer Connelly;Marlon Wayans;Christopher McDonald;Louise Lasser;Marcia Jean Kurtz;Janet Sarno;Suzanne Shepherd;Joanne Gordon;Charlotte Aronofsky;Mark Margolis;Michael Kaycheck;Jack O'Connell;Chas Mastin,4500000,102,7390108
82,Dangal ,PG,"Action; 
Biography; 
Drama",23 December 2016,8.5,Nitesh Tiwari,Aamir Khan;Fatima Sana Shaikh;Sanya Malhotra;Sakshi Tanwar;Aparshakti Khurana;Zaira Wasim;Suhani Bhatnagar;Ritvik Sahore;Girish Kulkarni;Ravi Aneja;Anurag Arora;Mahesh Balraj;Vivan Bhatena;Anmol Charan;Karmveer Choudhary,,161,310000000
83,Taare Zameen Par ,PG,"Drama; 
Family",21 December 2007,8.4,,Darsheel Safary;Aamir Khan;Tisca Chopra;Vipin Sharma;Sachet Engineer;Tanay Chheda;Lalitha Lajmi;Girija Oak;Ravi Khanvilkar;Pratima Kulkarni;Meghna Malik;Sonali Sachdev;Sanjay Dadich;Raaj Gopal Iyer;Bugs Bhargava,,165,21897373
84,Lawrence of Arabia ,PG,"Adventure; 
Biography; 
Drama",30 January 1963,8.3,David Lean,Peter O'Toole;Alec Guinness;Anthony Quinn;Jack Hawkins;Omar Sharif;José Ferrer;Anthony Quayle;Claude Rains;Arthur Kennedy;Donald Wolfit;I.S. Johar;Gamil Ratib;Michel Ray;John Dimech;Zia Mohyeddin,15000000,216,77324144
85,Eternal Sunshine of the Spotless Mind ,,"Drama; 
Romance; 
Sci-Fi",19 March 2004,8.3,Michel Gondry,Jim Carrey;Kate Winslet;Gerry Robert Byrne;Elijah Wood;Thomas Jay Ryan;Mark Ruffalo;Jane Adams;David Cross;Kirsten Dunst;Tom Wilkinson;Ryan Whitney;Debbon Ayer;Amir Ali Said;Brian Price;Paulie Litt,20000000,108,73169222
86,A Clockwork Orange ,R,"Crime; 
Drama; 
Sci-Fi",13 January 1972,8.3,Stanley Kubrick,Malcolm McDowell;Patrick Magee;Michael Bates;Warren Clarke;John Clive;Adrienne Corri;Carl Duering;Paul Farrell;Clive Francis;Michael Gover;Miriam Karlin;James Marcus;Aubrey Morris;Godfrey Quigley;Sheila Raynor,2200000,136,
87,3 Idiots ,PG,"Comedy; 
Drama",25 December 2009,8.4,Rajkumar Hirani,Aamir Khan;Madhavan;Sharman Joshi;Kareena Kapoor;Boman Irani;Omi Vaidya;Mona Singh;Javed Jaffrey;Parikshat Sahni;Olivier Lafont;Rahul Kumar;Amardeep Jha;Farida Dadi;Mukund Bhatt;Chaitali Bose,,170,80000000
88,2001: A Space Odyssey ,G,"Adventure; 
Sci-Fi",12 May 1968,8.3,Stanley Kubrick,Keir Dullea;Gary Lockwood;William Sylvester;Daniel Richter;Leonard Rossiter;Margaret Tyzack;Robert Beatty;Sean Sullivan;Douglas Rain;Frank Miller;Bill Weston;Ed Bishop;Glenn Beck;Alan Gifford;Ann Gillis,12000000,149,190700000
89,Amélie ,,"Comedy; 
Romance",9 November 2001,8.3,Jean-Pierre Jeunet,Audrey Tautou;Mathieu Kassovitz;Rufus;Lorella Cravotta;Serge Merlin;Jamel Debbouze;Clotilde Mollet;Claire Maurier;Isabelle Nanty;Dominique Pinon;Artus de Penguern;Yolande Moreau;Urbain Cancelier;Maurice Bénichou;Michel Robin,,122,173921954
90,Toy Story ,G,,22 November 1995,8.3,John Lasseter,Tom Hanks;Tim Allen;Don Rickles;Jim Varney;Wallace Shawn;John Ratzenberger;Annie Potts;John Morris;Erik von Detten;Laurie Metcalf;R. Lee Ermey;Sarah Freeman;Penn Jillette;Jack Angel;Spencer Aste,30000000,81,373554033
91,Double Indemnity ,,"Crime; 
Drama; 
Film-Noir",6 July 1944,8.3,Billy Wilder,Fred MacMurray;Barbara Stanwyck;Edward G. Robinson;Porter Hall;Jean Heather;Tom Powers;Byron Barr;Richard Gaines;Fortunio Bonanova;John Philliber,927262,107,
92,Taxi Driver ,,"Crime; 
Drama",8 February 1976,8.3,Martin Scorsese,Diahnne Abbott;Frank Adu;Victor Argo;Gino Ardito;Garth Avery;Peter Boyle;Albert Brooks;Harry Cohn;Copper Cunningham;Robert De Niro;Brenda Dickson;Harry Fischler;Jodie Foster;Nat Grant;Leonard Harris,1300000,114,
93,Singin' in the Rain ,G,"Comedy; 
Musical; 
Romance",11 April 1952,8.3,,Gene Kelly;Donald O'Connor;Debbie Reynolds;Jean Hagen;Millard Mitchell;Cyd Charisse;Douglas Fowley;Rita Moreno,2540800,103,13979088
94,Inglourious Basterds ,,"Adventure; 
Drama; 
War",21 August 2009,8.3,,Brad Pitt;Mélanie Laurent;Christoph Waltz;Eli Roth;Michael Fassbender;Diane Kruger;Daniel Brühl;Til Schweiger;Gedeon Burkhard;Jacky Ido;B.J. Novak;Omar Doom;August Diehl;Denis Ménochet;Sylvester Groth,75000000,153,313600000
95,Full Metal Jacket ,R,"Drama; 
War",10 July 1987,8.3,Stanley Kubrick,Matthew Modine;Adam Baldwin;Vincent D'Onofrio;R. Lee Ermey;Dorian Harewood;Kevyn Major Howard;Arliss Howard;Ed O'Ross;John Terry;Kieron Jecchinis;Kirk Taylor;Tim Colceri;Jon Stafford;Bruce Boa;Ian Tyler,30000000,116,
96,To Kill a Mockingbird ,PG,"Crime; 
Drama",16 March 1963,8.3,Robert Mulligan,Gregory Peck;John Megna;Frank Overton;Rosemary Murphy;Ruth White;Brock Peters;Estelle Evans;Paul Fix;Collin Wilcox Paxton;James Anderson;Alice Ghostley;Robert Duvall;William Windom;Crahan Denton;Richard Hale,2000000,129,
97,Ladri di biciclette ,,Drama,24 November 1948,8.3,Vittorio De Sica,Lamberto Maggiorani;Enzo Staiola;Lianella Carell;Elena Altieri;Gino Saltamerenda;Giulio Chiari;Vittorio Antonucci;Michele Sakara;Fausto Guerzoni;Emma Druetti;Carlo Jachino,133000,89,
98,The Kid ,,"Comedy; 
Drama; 
Family",6 February 1921,8.3,Charles Chaplin,Carl Miller;Edna Purviance;Jackie Coogan;Charles Chaplin,250000,68,
99,The Sting ,PG,"Comedy; 
Crime; 
Drama",25 December 1973,8.3,George Roy Hill,Paul Newman;Robert Redford;Robert Shaw;Charles Durning;Ray Walston;Eileen Brennan;Harold Gould;John Heffernan;Dana Elcar;Jack Kehoe;Dimitra Arliss;Robert Earl Jones;James Sloyan;Charles Dierkop;Lee Paul,5500000,129,
100,Good Will Hunting ,,"Drama; 
Romance",9 January 1998,8.3,Gus Van Sant,Matt Damon;Ben Affleck;Stellan Skarsgård;John Mighton;Rachel Majorowski;Colleen McCauley;Casey Affleck;Cole Hauser;Matt Mercier;Ralph St. George;Rob Lynds;Dan Washington;Alison Folland;Derrick Bridgeman;Vik Sahay,10000000,126,225933435
101,Toy Story 3 ,G,,18 June 2010,8.3,Lee Unkrich,Tom Hanks;Tim Allen;Joan Cusack;Ned Beatty;Don Rickles;Michael Keaton;Wallace Shawn;John Ratzenberger;Estelle Harris;John Morris;Jodi Benson;Emily Hahn;Laurie Metcalf;Blake Clark;Teddy Newton,200000000,103,1063171911
102,Jagten ,R,Drama,10 January 2013,8.3,Thomas Vinterberg,Mads Mikkelsen;Thomas Bo Larsen;Annika Wedderkopp;Lasse Fogelstrøm;Susse Wold;Anne Louise Hassing;Lars Ranthe;Alexandra Rapaport;Sebastian Bull Sarning;Steen Ordell Guldbrand Jensen;Daniel Engstrup;Troels Thorsen;Søren Rønholt;Hana Shuan;Jytte Kvinesdal,3800000,115,18309793
103,Snatch ,,"Comedy; 
Crime",1 September 2000,8.3,Guy Ritchie,Benicio Del Toro;Dennis Farina;Vinnie Jones;Brad Pitt;Rade Serbedzija;Jason Statham;Alan Ford;Mike Reid;Robbie Gee;Lennie James;Ewen Bremner;Jason Flemyng;Ade;William Beck;Andy Beckwith,,104,83557872
104,Scarface ,,"Crime; 
Drama",9 December 1983,8.3,Brian De Palma,Al Pacino;Steven Bauer;Michelle Pfeiffer;Mary Elizabeth Mastrantonio;Robert Loggia;Miriam Colon;F. Murray Abraham;Paul Shenar;Harris Yulin;Ángel Salazar;Arnaldo Santana;Pepe Serna;Michael P. Moran;Al Israel;Dennis Holahan,25000000,170,65884703
105,Monty Python and the Holy Grail ,PG,"Adventure; 
Comedy; 
Fantasy",27 June 1975,8.3,,Graham Chapman;John Cleese;Eric Idle;Terry Gilliam;Terry Jones;Michael Palin;Connie Booth;Carol Cleveland;Neil Innes;Bee Duffell;John Young;Rita Davies;Avril Stewart;Sally Kinghorn;Mark Zycon,,91,5028948
106,Per qualche dollaro in più ,,,25 March 1966,8.3,Sergio Leone,Clint Eastwood;Lee Van Cleef;Gian Maria Volontè;Mario Brega;Luigi Pistilli;Aldo Sambrell;Klaus Kinski;Benito Stefanelli;Luis Rodríguez;Panos Papadopulos;Mara Krupp;Roberto Camardiel;Joseph Egger;Tomás Blanco;Lorenzo Robledo,600000,132,
107,L.A. Confidential ,,"Crime; 
Drama; 
Mystery",19 September 1997,8.3,Curtis Hanson,Kevin Spacey;Russell Crowe;Guy Pearce;James Cromwell;Kim Basinger;Danny DeVito;David Strathairn;Ron Rifkin;Matt McCoy;Paul Guilfoyle;Paolo Seganti;Elisabeth Granli;Sandra Taylor;Steve Rankin;Graham Beckel,35000000,138,126216940
108,The Apartment ,PG,"Comedy; 
Drama; 
Romance",16 September 1960,8.3,Billy Wilder,Jack Lemmon;Shirley MacLaine;Fred MacMurray;Ray Walston;Jack Kruschen;David Lewis;Hope Holiday;Joan Shawlee;Naomi Stevens;Johnny Seven;Joyce Jameson;Willard Waterman;David White;Edie Adams,3000000,125,25000000
109,Metropolis ,G,"Drama; 
Sci-Fi",5 March 1927,8.3,Fritz Lang,Alfred Abel;Gustav Fröhlich;Rudolf Klein-Rogge;Fritz Rasp;Theodor Loos;Erwin Biswanger;Heinrich George;Brigitte Helm,,153,
110,Jodaeiye Nader az Simin ,PG-13,Drama,16 March 2011,8.3,Asghar Farhadi,Payman Maadi;Leila Hatami;Sareh Bayat;Shahab Hosseini;Sarina Farhadi;Merila Zare'i;Ali-Asghar Shahbazi;Babak Karimi;Kimia Hosseini;Shirin Yazdanbakhsh;Sohibanoo Zolqadr;Mohammadhasan Asghari;Shirin Azimiyannezhad;Hamid Dadju;Mohammad Ebrahimian,500000,123,24426169
111,Indiana Jones and the Last Crusade ,PG,"Action; 
Adventure; 
Fantasy",24 May 1989,8.2,Steven Spielberg,Harrison Ford;Sean Connery;Denholm Elliott;Alison Doody;John Rhys-Davies;Julian Glover;River Phoenix;Michael Byrne;Kevork Malikyan;Robert Eddison;Richard Young;Alexei Sayle;Alex Hyde-White;Paul Maxwell;Isla Blair,48000000,127,474171806
112,Rashômon ,G,"Crime; 
Drama; 
Mystery",26 August 1950,8.3,Akira Kurosawa,Toshirô Mifune;Machiko Kyô;Masayuki Mori;Takashi Shimura;Minoru Chiaki;Kichijirô Ueda;Noriko Honma;Daisuke Katô,250000,88,
113,Up ,G,,29 May 2009,8.3,,Edward Asner;Christopher Plummer;Jordan Nagai;Bob Peterson;Delroy Lindo;Jerome Ranft;John Ratzenberger;David Kaye;Elie Docter;Jeremy Leary;Mickie McGowan;Danny Mann;Donald Fullilove;Jess Harnell;Josh Cooley,175000000,96,731342744
114,All About Eve ,PG,Drama,27 October 1950,8.3,Joseph L. Mankiewicz,Bette Davis;Anne Baxter;George Sanders;Celeste Holm;Gary Merrill;Hugh Marlowe;Gregory Ratoff;Barbara Bates;Marilyn Monroe;Thelma Ritter;Walter Hampden;Randy Stuart;Craig Hill;Leland Harris;Barbara White,1400000,138,
115,Batman Begins ,PG,"Action; 
Adventure; 
Thriller",15 June 2005,8.3,Christopher Nolan,Christian Bale;Michael Caine;Liam Neeson;Katie Holmes;Gary Oldman;Cillian Murphy;Tom Wilkinson;Rutger Hauer;Ken Watanabe;Mark Boone Junior;Linus Roache;Morgan Freeman;Larry Holden;Gerard Murphy;Colin McFarlane,150000000,140,374218673
116,Yôjinbô ,,"Action; 
Drama; 
Thriller",25 April 1961,8.3,Akira Kurosawa,Toshirô Mifune;Tatsuya Nakadai;Yôko Tsukasa;Isuzu Yamada;Daisuke Katô;Seizaburô Kawazu;Takashi Shimura;Hiroshi Tachikawa;Yôsuke Natsuki;Eijirô Tôno;Kamatari Fujiwara;Ikio Sawamura;Atsushi Watanabe;Susumu Fujita;Kyû Sazanka,,110,
117,Some Like It Hot ,PG,"Comedy; 
Romance",14 April 1959,8.2,Billy Wilder,Marilyn Monroe;Tony Curtis;Jack Lemmon;George Raft;Pat O'Brien;Joe E. Brown;Nehemiah Persoff;Joan Shawlee;Billy Gray;George E. Stone;Dave Barry;Mike Mazurki;Harry Wilson;Beverly Wills;Barbara Drew,2883848,121,
118,Unforgiven ,,"Drama; 
Western",7 August 1992,8.2,Clint Eastwood,Clint Eastwood;Gene Hackman;Morgan Freeman;Richard Harris;Jaimz Woolvett;Saul Rubinek;Frances Fisher;Anna Levine;David Mucci;Rob Campbell;Anthony James;Tara Frederick;Beverley Elliott;Liisa Repo-Martell;Josie Smith,14400000,130,159157447
119,Der Untergang ,,,16 September 2004,8.2,Oliver Hirschbiegel,Bruno Ganz;Alexandra Maria Lara;Corinna Harfouch;Ulrich Matthes;Juliane Köhler;Heino Ferch;Christian Berkel;Matthias Habich;Thomas Kretschmann;Michael Mendl;André Hennicke;Ulrich Noethen;Birgit Minichmayr;Rolf Kanies;Justus von Dohnányi,,156,92180910
120,Die Hard ,R,"Action; 
Thriller",20 July 1988,8.2,John McTiernan,Bruce Willis;Bonnie Bedelia;Reginald VelJohnson;Paul Gleason;William Atherton;Hart Bochner;James Shigeta;Alan Rickman;Alexander Godunov;Bruno Doyon;De'voreaux White;Andreas Wisniewski;Clarence Gilyard Jr.;Joey Plewa;Lorenzo Caccialanza,28000000,132,140767956
121,The Treasure of the Sierra Madre ,PG,"Adventure; 
Drama; 
Western",24 January 1948,8.2,John Huston,Humphrey Bogart;Walter Huston;Tim Holt;Bruce Bennett;Barton MacLane;Alfonso Bedoya;Arturo Soto Rangel;Manuel Dondé;José Torvay;Margarito Luna,3000000,126,
122,Heat ,,"Crime; 
Drama; 
Thriller",15 December 1995,8.2,Michael Mann,Al Pacino;Robert De Niro;Val Kilmer;Jon Voight;Tom Sizemore;Diane Venora;Amy Brenneman;Ashley Judd;Mykelti Williamson;Wes Studi;Ted Levine;Dennis Haysbert;William Fichtner;Natalie Portman;Tom Noonan,60000000,170,107000000
123,Ikiru ,,Drama,9 October 1952,8.3,Akira Kurosawa,Takashi Shimura;Shin'ichi Himori;Haruo Tanaka;Minoru Chiaki;Miki Odagiri;Bokuzen Hidari;Minosuke Yamada;Kamatari Fujiwara;Makoto Kobori;Nobuo Kaneko;Nobuo Nakamura;Atsushi Watanabe;Isao Kimura;Masao Shimizu;Yûnosuke Itô,,143,
124,Incendies ,,"Drama; 
Mystery; 
War",12 January 2011,8.2,Denis Villeneuve,Mustafa Kamel;Hussein Sami;Rémy Girard;Mélissa Désormeaux-Poulin;Maxim Gaudette;Dominique Briand;Lubna Azabal;Frédéric Paquet;Hamed Najem;Ahmad Massad;Bader Alami;Majida Hussein;Asriah Nijres;John Dunn-Hill;Nadia Essadiqi,6800000,131,12597210
125,Raging Bull ,,,19 December 1980,8.2,Martin Scorsese,Robert De Niro;Cathy Moriarty;Joe Pesci;Frank Vincent;Nicholas Colasanto;Theresa Saldana;Mario Gallo;Frank Adonis;Joseph Bono;Frank Topham;Lori Anne Flax;Charles Scorsese;Don Dunphy;Bill Hanrahan;Rita Bennett,18000000,129,
126,The Great Escape ,PG,"Adventure; 
Drama; 
History",4 July 1963,8.2,John Sturges,Steve McQueen;James Garner;Richard Attenborough;James Donald;Charles Bronson;Donald Pleasence;James Coburn;Hannes Messemer;David McCallum;Gordon Jackson;John Leyton;Angus Lennie;Nigel Stock;Robert Graf;Jud Taylor,4000000,172,
127,Bacheha-Ye aseman ,PG,"Drama; 
Family",1997,8.3,Majid Majidi,Mohammad Amir Naji;Amir Farrokh Hashemian;Bahare Seddiqi;Nafise Jafar-Mohammadi;Fereshte Sarabandi;Kamal Mirkarimi;Behzad Rafi;Dariush Mokhtari;Mohammad-Hasan Hosseinian;Masume Dair;Kambiz Peykarnegar;Hasan Roohparvari;Abbas-Ali Roomandi;Jafar Seyfollahi;Qolamreza Maleki,180000,89,
128,Pan's Labyrinth ,,"Drama; 
Fantasy; 
War",19 January 2007,8.2,Guillermo del Toro,Ivana Baquero;Sergi López;Maribel Verdú;Doug Jones;Ariadna Gil;Álex Angulo;Manolo Solo;César Vea;Roger Casamajor;Ivan Massagué;Gonzalo Uriarte;Eusebio Lázaro;Francisco Vidal;Juanjo Cucalón;Lina Mira,,118,87041569
129,Babam ve Oglum ,,"Drama; 
Family",18 November 2005,8.4,Çagan Irmak,Çetin Tekindor;Fikret Kuskan;Hümeyra;Ege Tanman;Serif Sezer;Yetkin Dikinciler;Binnur Kaya;Mahmut Gökgöz;Nergis Çorakçi;Bilge Sen;Tuba Büyüküstün;Özge Özberk;Erdal Tosun;Halit Ergenç;Tugyan Akay Kavukçu,,113,
130,Chinatown ,,"Drama; 
Mystery; 
Thriller",20 June 1974,8.2,Roman Polanski,Jack Nicholson;Faye Dunaway;John Huston;Perry Lopez;John Hillerman;Darrell Zwerling;Diane Ladd;Roy Jenson;Roman Polanski;Richard Bakalyan;Joe Mantell;Bruce Glover;Nandu Hinds;James O'Rear;James Hong,6000000,130,30000000
131,The Third Man ,,,12 October 1949,8.2,Carol Reed,Joseph Cotten;Alida Valli;Orson Welles;Trevor Howard;Bernard Lee;Paul Hörbiger;Ernst Deutsch;Siegfried Breuer;Erich Ponto;Wilfrid Hyde-White;Hedwig Bleibtreu,,104,
132,Bohemian Rhapsody ,PG,,2 November 2018,8.3,Bryan Singer,Rami Malek;Lucy Boynton;Gwilym Lee;Ben Hardy;Joseph Mazzello;Aidan Gillen;Allen Leech;Tom Hollander;Mike Myers;Aaron McCusker;Meneka Das;Ace Bhatti;Priya Blackburn;Dermot Murphy;Dickie Beau,52000000,134,433000000
133,Tonari no Totoro ,G,,16 April 1988,8.2,Hayao Miyazaki,Noriko Hidaka;Chika Sakamoto;Shigesato Itoi;Sumi Shimamoto;Tanie Kitabayashi;Hitoshi Takagi;Yûko Maruyama;Machiko Washio;Reiko Suzuki;Masashi Hirose;Toshiyuki Amagasa;Shigeru Chiba;Naoki Tatsuta;Tarako;Tomohiro Nishimura,3700000,86,
134,Hauru no ugoku shiro ,PG,,17 June 2005,8.2,Hayao Miyazaki,Chieko Baishô;Takuya Kimura;Akihiro Miwa;Tatsuya Gashûin;Ryûnosuke Kamiki;Mitsunori Isaki;Yô Ôizumi;Akio Ôtsuka;Daijirô Harada;Haruko Katô;Jean Simmons;Christian Bale;Lauren Bacall;Blythe Danner;Emily Mortimer,24000000,119,235184110
135,Ran ,,"Action; 
Drama",1 June 1985,8.2,Akira Kurosawa,Tatsuya Nakadai;Akira Terao;Jinpachi Nezu;Daisuke Ryû;Mieko Harada;Yoshiko Miyazaki;Hisashi Igawa;Pîtâ;Masayuki Yui;Kazuo Katô;Norio Matsui;Toshiya Ito;Kenji Kodama;Takashi Watanabe;Mansai Nomura,11500000,162,
136,Judgment at Nuremberg ,,"Drama; 
War",18 December 1961,8.2,Stanley Kramer,Spencer Tracy;Burt Lancaster;Richard Widmark;Marlene Dietrich;Maximilian Schell;Judy Garland;Montgomery Clift;William Shatner;Werner Klemperer;Kenneth MacKenna;Torben Meyer;Joseph Bernard;Alan Baxter;Edward Binns;Virginia Christine,3000000,186,10000000
137,El secreto de sus ojos ,,"Drama; 
Mystery; 
Romance",13 August 2009,8.2,Juan José Campanella,Soledad Villamil;Ricardo Darín;Carla Quevedo;Pablo Rago;Javier Godino;Bárbara Palladino;Rudy Romano;Alejandro Abelenda;Mario Alarcón;Guillermo Francella;Sebastián Blanco;Mariano Argento;José Luis Gioia;Juan José Ortíz;Kiko Cerone,2000000,129,33965843
138,The Gold Rush ,,"Adventure; 
Comedy; 
Drama",1925,8.2,Charles Chaplin,Charles Chaplin;Mack Swain;Tom Murray;Henry Bergman;Malcolm Waite;Georgia Hale,923000,95,
139,The Bridge on the River Kwai ,PG,"Adventure; 
Drama; 
War",11 October 1957,8.2,David Lean,William Holden;Alec Guinness;Jack Hawkins;Sessue Hayakawa;James Donald;Geoffrey Horne;André Morell;Peter Williams;John Boxer;Percy Herbert;Harold Goodwin;Ann Sears;Heihachirô Ôkawa;Keiichirô Katsumoto;M.R.B. Chakrabandhu,3000000,161,
140,A Beautiful Mind ,PG,,4 January 2002,8.2,Ron Howard,Russell Crowe;Ed Harris;Jennifer Connelly;Christopher Plummer;Paul Bettany;Adam Goldberg;Josh Lucas;Anthony Rapp;Jason Gray-Stanford;Judd Hirsch;Austin Pendleton;Vivien Cardone;Jillie Simon;Victor Steinbach;Tanya Clarke,58000000,135,313542341
141,"Lock, Stock and Two Smoking Barrels ",,"Comedy; 
Crime",28 August 1998,8.2,Guy Ritchie,Jason Flemyng;Dexter Fletcher;Nick Moran;Jason Statham;Steven Mackintosh;Nicholas Rowe;Nick Marcq;Charles Forbes;Vinnie Jones;Lenny McLean;Peter McNicholl;P.H. Moriarty;Frank Harper;Steve Sweeney;Huggy Leaver,,107,28356188
142,Casino ,,"Crime; 
Drama",22 November 1995,8.2,Martin Scorsese,Robert De Niro;Sharon Stone;Joe Pesci;James Woods;Don Rickles;Alan King;Kevin Pollak;L.Q. Jones;Dick Smothers;Frank Vincent;John Bloom;Pasquale Cajano;Melissa Prophet;Bill Allison;Vinny Vella,,178,
143,"Three Billboards Outside Ebbing, Missouri ",,"Comedy; 
Crime; 
Drama",1 December 2017,8.2,Martin McDonagh,Frances McDormand;Caleb Landry Jones;Kerry Condon;Sam Rockwell;Alejandro Barrios;Jason Ledford;Darrell Britt-Gibson;Woody Harrelson;Abbie Cornish;Riya May Atwood;Selah Atwood;Lucas Hedges;Zeljko Ivanek;Amanda Warren;Malaya Rivera Drew,15000000,115,157880842
144,On the Waterfront ,PG,"Crime; 
Drama; 
Thriller",22 June 1954,8.2,Elia Kazan,Marlon Brando;Karl Malden;Lee J. Cobb;Rod Steiger;Pat Henning;Leif Erickson;James Westerfield;Tony Galento;Tami Mauriello;John F. Hamilton;John Heldabrand;Rudy Bond;Don Blackman;Arthur Keegan;Abe Simon,910000,108,
145,Det sjunde inseglet ,,"Drama; 
Fantasy",16 February 1957,8.2,Ingmar Bergman,Gunnar Björnstrand;Bengt Ekerot;Nils Poppe;Max von Sydow;Bibi Andersson;Inga Gill;Maud Hansson;Inga Landgré;Gunnel Lindblom;Bertil Anderberg;Anders Ek;Åke Fridell;Gunnar Olsson;Erik Strandmark,150000,96,
146,Inside Out ,G,,19 June 2015,8.2,,Amy Poehler;Phyllis Smith;Richard Kind;Bill Hader;Lewis Black;Mindy Kaling;Kaitlyn Dias;Diane Lane;Kyle MacLachlan;Paula Poundstone;Bobby Moynihan;Paula Pell;Dave Goelz;Frank Oz;Josh Cooley,175000000,95,857611174
147,The Elephant Man ,,,10 October 1980,8.2,David Lynch,Anthony Hopkins;John Hurt;Anne Bancroft;John Gielgud;Wendy Hiller;Freddie Jones;Michael Elphick;Hannah Gordon;Helen Ryan;John Standing;Dexter Fletcher;Lesley Dunlop;Phoebe Nicholls;Pat Gorman;Claire Davenport,5000000,124,
148,Room ,PG,"Drama; 
Thriller",15 January 2016,8.2,Lenny Abrahamson,Brie Larson;Jacob Tremblay;Sean Bridgers;Wendy Crewson;Sandy McMaster;Matt Gordon;Amanda Brugel;Joe Pingue;Joan Allen;Zarrin Darnell-Martin;Cas Anvar;William H. Macy;Jee-Yun Lee;Randal Edwards;Justin Mader,13000000,118,36262783
149,The Wolf of Wall Street ,,,25 December 2013,8.2,Martin Scorsese,Leonardo DiCaprio;Jonah Hill;Margot Robbie;Matthew McConaughey;Kyle Chandler;Rob Reiner;Jon Bernthal;Jon Favreau;Jean Dujardin;Joanna Lumley;Cristin Milioti;Christine Ebersole;Shea Whigham;Katarina Cas;P.J. Byrne,100000000,180,392000694
150,Mr. Smith Goes to Washington ,G,"Comedy; 
Drama",9 November 1939,8.2,Frank Capra,Jean Arthur;James Stewart;Claude Rains;Edward Arnold;Guy Kibbee;Thomas Mitchell;Eugene Pallette;Beulah Bondi;H.B. Warner;Harry Carey;Astrid Allwyn;Ruth Donnelly;Grant Mitchell;Porter Hall;H.V. Kaltenborn,1500000,129,
151,V for Vendetta ,,"Action; 
Drama; 
Sci-Fi",17 March 2006,8.2,James McTeigue,Natalie Portman;Hugo Weaving;Stephen Rea;Stephen Fry;John Hurt;Tim Pigott-Smith;Rupert Graves;Roger Allam;Ben Miles;Sinéad Cusack;Natasha Wightman;John Standing;Eddie Marsan;Clive Ashborn;Emma Field-Rayner,54000000,132,132511035
152,Warrior ,,"Drama; 
Sport",9 September 2011,8.2,Gavin O'Connor,Joel Edgerton;Tom Hardy;Nick Nolte;Jennifer Morrison;Frank Grillo;Kevin Dunn;Maximiliano Hernández;Bryan Callen;Sam Sheridan;Fernando Chien;Jake McLaughlin;Vanessa Martinez;Denzel Whitaker;Carlos Miranda;Manuel Espinosa,25000000,140,23057115
153,Blade Runner ,,"Sci-Fi; 
Thriller",25 June 1982,8.2,Ridley Scott,Harrison Ford;Rutger Hauer;Sean Young;Edward James Olmos;M. Emmet Walsh;Daryl Hannah;William Sanderson;Brion James;Joe Turkel;Joanna Cassidy;James Hong;Morgan Paull;Kevin Thompson;John Edward Allen;Hy Pyke,28000000,117,
154,Dial M for Murder ,PG,"Crime; 
Thriller",29 May 1954,8.2,Alfred Hitchcock,Ray Milland;Grace Kelly;Robert Cummings;John Williams;Anthony Dawson;Leo Britt;Patrick Allen;George Leigh;George Alderson;Robin Hughes,1400000,105,13080000
155,Smultronstället ,,"Drama; 
Romance",26 December 1957,8.2,Ingmar Bergman,Victor Sjöström;Bibi Andersson;Ingrid Thulin;Gunnar Björnstrand;Jullan Kindahl;Folke Sundquist;Björn Bjelfvenstam;Naima Wifstrand;Gunnel Broström;Gertrud Fridh;Sif Ruud;Gunnar Sjöberg;Max von Sydow;Åke Fridell;Yngve Nordwall,,91,
156,The General ,,"Action; 
Adventure; 
Comedy",24 February 1927,8.2,,Buster Keaton;Marion Mack;Glen Cavender;Jim Farley;Frederick Vroom;Charles Henry Smith;Frank Barnes;Joe Keaton;Mike Donlin;Tom Nawn,750000,67,
157,No Country for Old Men ,,"Crime; 
Drama; 
Thriller",21 November 2007,8.1,,Tommy Lee Jones;Javier Bardem;Josh Brolin;Woody Harrelson;Kelly Macdonald;Garret Dillahunt;Tess Harper;Barry Corbin;Stephen Root;Rodger Boyce;Beth Grant;Ana Reeder;Kit Gwin;Zach Hopkins;Chip Love,25000000,122,171627166
158,Trainspotting ,R,Drama,26 July 1996,8.2,Danny Boyle,Ewan McGregor;Ewen Bremner;Jonny Lee Miller;Kevin McKidd;Robert Carlyle;Kelly Macdonald;Peter Mullan;James Cosmo;Eileen Nicholas;Susan Vidler;Pauline Lynch;Shirley Henderson;Stuart McQuarrie;Irvine Welsh;Dale Winton,3500000,93,71558971
159,There Will Be Blood ,PG,Drama,25 January 2008,8.2,Paul Thomas Anderson,Daniel Day-Lewis;Martin Stringer;Matthew Braden Stringer;Jacob Stringer;Joseph Mussey;Barry Del Sherman;Harrison Taylor;Stockton Taylor;Paul F. Tompkins;Dillon Freasier;Kevin Breznahan;Jim Meskimen;Erica Sullivan;Randall Carver;Coco Leigh,25000000,158,77208711
160,The Sixth Sense ,,"Drama; 
Mystery; 
Thriller",6 August 1999,8.1,M. Night Shyamalan,Bruce Willis;Haley Joel Osment;Toni Collette;Olivia Williams;Trevor Morgan;Donnie Wahlberg;Peter Anthony Tambakis;Jeffrey Zubernis;Bruce Norris;Glenn Fitzgerald;Greg Wood;Mischa Barton;Angelica Page;Lisa Summerour;Firdous Bamji,40000000,107,672806292
161,Gone with the Wind ,G,"Drama; 
History; 
Romance",17 January 1940,8.2,,Thomas Mitchell;Barbara O'Neil;Vivien Leigh;Evelyn Keyes;Ann Rutherford;George Reeves;Fred Crane;Hattie McDaniel;Oscar Polk;Butterfly McQueen;Victor Jory;Everett Brown;Howard C. Hickman;Alicia Rhett;Leslie Howard,3977000,238,400176459
162,The Thing ,,,25 June 1982,8.1,John Carpenter,Kurt Russell;Wilford Brimley;T.K. Carter;David Clennon;Keith David;Richard Dysart;Charles Hallahan;Peter Maloney;Richard Masur;Donald Moffat;Joel Polis;Thomas G. Waites;Norbert Weisser;Larry Franco;Nate Irwin,15000000,109,
163,Fargo ,,"Crime; 
Drama; 
Thriller",5 April 1996,8.1,,William H. Macy;Steve Buscemi;Peter Stormare;Kristin Rudrüd;Harve Presnell;Tony Denman;Gary Houston;Sally Wingert;Kurt Schweickhardt;Larissa Kokernot;Melissa Peterman;Steve Reevis;Warren Keith;Steve Edelman;Sharon Anderson,7000000,98,36000000
164,Gran Torino ,,Drama,9 January 2009,8.1,Clint Eastwood,Clint Eastwood;Christopher Carley;Bee Vang;Ahney Her;Brian Haley;Geraldine Hughes;Dreama Walker;Brian Howe;John Carroll Lynch;William Hill;Brooke Chia Thao;Chee Thao;Choua Kue;Scott Eastwood;Xia Soua Chang,33000000,116,269958228
165,The Deer Hunter ,,"Drama; 
War",23 February 1979,8.1,Michael Cimino,Robert De Niro;John Cazale;John Savage;Christopher Walken;Meryl Streep;George Dzundza;Chuck Aspegren;Shirley Stoler;Rutanya Alda;Pierre Segui;Mady Kaplan;Amy Wright;Mary Ann Haenel;Richard Kuss;Joe Grifasi,15000000,183,
166,Finding Nemo ,G,,30 May 2003,8.1,,Albert Brooks;Ellen DeGeneres;Alexander Gould;Willem Dafoe;Brad Garrett;Allison Janney;Austin Pendleton;Stephen Root;Vicki Lewis;Joe Ranft;Geoffrey Rush;Andrew Stanton;Elizabeth Perkins;Nicholas Bird;Bob Peterson,94000000,100,936743261
167,Idi i smotri ,,"Drama; 
War",17 October 1985,8.2,Elem Klimov,Aleksey Kravchenko;Olga Mironova;Liubomiras Laucevicius;Vladas Bagdonas;Jüri Lumiste;Viktor Lorents;Kazimir Rabetsky;Evgeniy Tilicheev;Aleksandr Berda;G. Velts;V. Vasilyev;Igor Gnevashev;Vasiliy Domrachyov;G. Yelkin;Evgeniy Kryzhanovskiy,,142,
168,The Big Lebowski ,,"Comedy; 
Crime",6 March 1998,8.1,,Jeff Bridges;John Goodman;Julianne Moore;Steve Buscemi;David Huddleston;Philip Seymour Hoffman;Tara Reid;Philip Moon;Mark Pellegrino;Peter Stormare;Flea;Torsten Voges;Jimmie Dale Gilmore;Jack Kehler;John Turturro,15000000,117,46189568
169,Sherlock Jr. ,,"Action; 
Comedy; 
Romance",11 May 1924,8.2,Buster Keaton,Buster Keaton;Kathryn McGuire;Joe Keaton;Erwin Connelly;Ward Crane,,45,
170,Shutter Island ,,"Mystery; 
Thriller",19 February 2010,8.1,Martin Scorsese,Leonardo DiCaprio;Mark Ruffalo;Ben Kingsley;Max von Sydow;Michelle Williams;Emily Mortimer;Patricia Clarkson;Jackie Earle Haley;Ted Levine;John Carroll Lynch;Elias Koteas;Robin Bartlett;Christopher Denham;Nellie Sciutto;Joseph Sikora,80000000,138,294804195
171,Kill Bill: Vol. 1 ,,"Action; 
Crime; 
Thriller",10 October 2003,8.1,Quentin Tarantino,Uma Thurman;Lucy Liu;Vivica A. Fox;Daryl Hannah;David Carradine;Michael Madsen;Julie Dreyfus;Chiaki Kuriyama;Shin'ichi Chiba;Chia-Hui Liu;Michael Parks;Michael Bowen;Jun Kunimura;Kenji Ohba;Yuki Kazamatsuri,30000000,111,180949045
172,Cool Hand Luke ,,"Crime; 
Drama",1 November 1967,8.1,Stuart Rosenberg,Paul Newman;George Kennedy;J.D. Cannon;Lou Antonio;Robert Drivas;Strother Martin;Jo Van Fleet;Clifton James;Morgan Woodward;Luke Askew;Marc Cavell;Richard Davalos;Robert Donner;Warren Finnerty;Dennis Hopper,3200000,126,16217773
173,Rebecca ,,"Drama; 
Mystery; 
Romance",12 April 1940,8.1,Alfred Hitchcock,Laurence Olivier;Joan Fontaine;George Sanders;Judith Anderson;Nigel Bruce;Reginald Denny;C. Aubrey Smith;Gladys Cooper;Florence Bates;Melville Cooper;Leo G. Carroll;Leonard Carey;Lumsden Hare;Edward Fielding;Philip Winter,1288000,130,7592465
174,Tôkyô monogatari ,,Drama,3 November 1953,8.2,Yasujirô Ozu,Chishû Ryû;Chieko Higashiyama;Setsuko Hara;Haruko Sugimura;Sô Yamamura;Kuniko Miyake;Kyôko Kagawa;Eijirô Tôno;Nobuo Nakamura;Shirô Ôsaka;Hisao Toake;Teruko Nagaoka;Mutsuko Sakura;Toyo Takahashi;Tôru Abe,,136,
175,Mary and Max ,G,,9 April 2009,8.1,Adam Elliot,Toni Collette;Philip Seymour Hoffman;Barry Humphries;Eric Bana;Bethany Whitmore;Renée Geyer;Ian 'Molly' Meldrum;Julie Forsyth;John Flaus;Christopher Massey;Shaun Patten;Carolyn Shakespeare-Allen;Leanne Smith,,92,1739445
176,Roma ,PG,Drama,21 November 2018,8.2,Alfonso Cuarón,Yalitza Aparicio;Marina de Tavira;Diego Cortina Autrey;Carlos Peralta;Marco Graf;Daniela Demesa;Nancy García García;Verónica García;Andy Cortés;Fernando Grediaga;Jorge Antonio Guerrero;José Manuel Guerrero Mendoza;Latin Lover;Zarela Lizbeth Chinolla Arellano;José Luis López Gómez,,135,
177,Hacksaw Ridge ,,,4 November 2016,8.1,Mel Gibson,Andrew Garfield;Richard Pyros;Jacob Warner;Milo Gibson;Darcy Bryce;Roman Guerriero;James Lugton;Kasia Stelmach;Hugo Weaving;Rachel Griffiths;Jarin Towney;Tim McGarry;Tyler Coppin;Teresa Palmer;Richard Platt,40000000,139,175302354
178,Gone Girl ,,"Crime; 
Drama; 
Mystery",3 October 2014,8.1,David Fincher,Ben Affleck;Rosamund Pike;Neil Patrick Harris;Tyler Perry;Carrie Coon;Kim Dickens;Patrick Fugit;David Clennon;Lisa Banes;Missi Pyle;Emily Ratajkowski;Casey Wilson;Lola Kirke;Boyd Holbrook;Sela Ward,61000000,149,369330363
179,How to Train Your Dragon ,PG,,26 March 2010,8.1,,Jay Baruchel;Gerard Butler;Craig Ferguson;America Ferrera;Jonah Hill;Christopher Mintz-Plasse;T.J. Miller;Kristen Wiig;Robin Atkin Downes;Philip McGrade;Kieron Elliott;Ashley Jensen;David Tennant,165000000,98,494878759
180,Sunrise: A Song of Two Humans ,,"Drama; 
Romance",4 November 1927,8.2,F.W. Murnau,George O'Brien;Janet Gaynor;Margaret Livingston;Bodil Rosing;J. Farrell MacDonald;Ralph Sipperly;Jane Winton;Arthur Housman;Eddie Boland;Vondell Darr,,94,
181,Relatos salvajes ,,"Comedy; 
Drama; 
Thriller",21 August 2014,8.1,Damián Szifron,Darío Grandinetti;María Marull;Mónica Villa;Diego Starosta;Marcelo Frasca;Lucila Mangone;María Laura Caccamo;Carlos Alberto Vavassori;Pablo Machado;Horacio Vay;Javier Pedersoli;Héctor Drachtman;María Rosa López Ottonello;Rita Cortese;Julieta Zylberberg,3300000,122,36353750
182,Jurassic Park ,PG,"Adventure; 
Sci-Fi; 
Thriller",11 June 1993,8.1,Steven Spielberg,Sam Neill;Laura Dern;Jeff Goldblum;Richard Attenborough;Bob Peck;Martin Ferrero;BD Wong;Joseph Mazzello;Ariana Richards;Samuel L. Jackson;Wayne Knight;Gerald R. Molen;Miguel Sandoval;Cameron Thor;Christopher John Fields,63000000,127,1029153882
183,Into the Wild ,,"Adventure; 
Biography; 
Drama",28 September 2007,8.1,Sean Penn,Emile Hirsch;Marcia Gay Harden;William Hurt;Jena Malone;Brian H. Dierker;Catherine Keener;Vince Vaughn;Kristen Stewart;Hal Holbrook;Jim Gallien;James O'Neill;Malinda McCollum;Paul Knauls;Zach Galifianakis;Craig Mutsch,15000000,148,56255142
184,Life of Brian ,,Comedy,8 November 1979,8.1,Terry Jones,Graham Chapman;John Cleese;Terry Gilliam;Eric Idle;Terry Jones;Michael Palin;Terence Bayler;Carol Cleveland;Kenneth Colley;Neil Innes;Charles McKeown;John Young;Gwen Taylor;Sue Jones-Davies;Peter Brett,4000000,94,36045115
185,In the Name of the Father ,,,21 January 1994,8.1,Jim Sheridan,Alison Crosbie;Daniel Day-Lewis;Philip King;Emma Thompson;Nye Heron;Anthony Brophy;Frankie McCafferty;Paul Warriner;Julian Walsh;Stuart Wolfenden;Jo Connor;Karen Carlisle;Seamus Moran;Billy Byrne;Maureen McBride,13000000,133,40700000
186,The Truman Show ,PG,"Comedy; 
Drama; 
Sci-Fi",5 June 1998,8.1,Peter Weir,Jim Carrey;Laura Linney;Noah Emmerich;Natascha McElhone;Holland Taylor;Brian Delate;Blair Slater;Peter Krause;Heidi Schanz;Ron Taylor;Don Taylor;Ted Raymond;Judy Clayton;Fritz Dominique;Angel Schmiedt,60000000,103,264118201
187,The Grand Budapest Hotel ,,"Adventure; 
Comedy; 
Drama",6 March 2014,8.1,Wes Anderson,Ralph Fiennes;F. Murray Abraham;Mathieu Amalric;Adrien Brody;Willem Dafoe;Jeff Goldblum;Harvey Keitel;Jude Law;Bill Murray;Edward Norton;Saoirse Ronan;Jason Schwartzman;Léa Seydoux;Tilda Swinton;Tom Wilkinson,25000000,99,174600318
188,It Happened One Night ,PG,"Comedy; 
Romance",22 February 1934,8.1,Frank Capra,Clark Gable;Claudette Colbert;Walter Connolly;Roscoe Karns;Jameson Thomas;Alan Hale;Arthur Hoyt;Blanche Friderici;Charles C. Wilson,325000,105,
189,Platoon ,,"Drama; 
War",6 February 1987,8.1,Oliver Stone,Tom Berenger;Keith David;Willem Dafoe;Forest Whitaker;Francesco Quinn;Kevin Dillon;John C. McGinley;Reggie Johnson;Mark Moses;Corey Glover;Johnny Depp;Chris Pedersen;Bob Orwig;Corkey Ford;David Neidorf,6000000,120,
190,Stand by Me ,PG,"Adventure; 
Drama",26 November 1986,8.1,Rob Reiner,Wil Wheaton;River Phoenix;Corey Feldman;Jerry O'Connell;Kiefer Sutherland;Casey Siemaszko;Gary Riley;Bradley Gregg;Jason Oliver;Marshall Bell;Frances Lee McCain;Bruce Kirby;William Bronder;Scott Beach;Richard Dreyfuss,8000000,89,
191,Eskiya ,,"Crime; 
Drama; 
Thriller",29 November 1996,8.3,Yavuz Turgul,Sener Sen;Ugur Yücel;Sermin Hürmeriç;Yesim Salkim;Kamran Usluer;Ülkü Duru;Özkan Ugur;Necdet Mahfi Ayral;Kayhan Yildizoglu;Güven Hokna;Kemal Inci;Melih Çardak;Settar Tanriögen;Celal Perk;Ümit Çirak,,128,1979000
192,Network ,PG,Drama,27 November 1976,8.1,Sidney Lumet,Faye Dunaway;William Holden;Peter Finch;Robert Duvall;Wesley Addy;Ned Beatty;Arthur Burghardt;Bill Burrows;John Carpenter;Jordan Charney;Kathy Cronkite;Ed Crowley;Jerome Dempsey;Conchata Ferrell;Gene Gross,,121,
193,Stalker ,,"Drama; 
Sci-Fi",17 April 1980,8.1,Andrei Tarkovsky,Alisa Freyndlikh;Aleksandr Kaydanovskiy;Anatoliy Solonitsyn;Nikolay Grinko;Natalya Abramova;Faime Jurno;E. Kostin;Raymo Rendi,,162,
194,Persona ,,"Drama; 
Thriller",18 October 1966,8.1,Ingmar Bergman,Bibi Andersson;Liv Ullmann;Margaretha Krook;Gunnar Björnstrand,,85,
195,Salinui chueok ,,"Action; 
Crime; 
Drama",2 May 2003,8.1,Joon-ho Bong,Kang-ho Song;Sang-kyung Kim;Roe-ha Kim;Jae-ho Song;Hee-Bong Byun;Seo-hie Ko;No-shik Park;Hae-il Park;Mi-seon Jeon;Young-hwa Seo;Bong-gi Baek;Hyeon-gi Choi;Jong-ryol Choi;Deok-jae Jo;Moon-ee Jo,2800000,131,
196,Ben-Hur ,G,"Adventure; 
Drama; 
History",29 January 1960,8.1,William Wyler,Charlton Heston;Jack Hawkins;Haya Harareet;Stephen Boyd;Hugh Griffith;Martha Scott;Cathy O'Donnell;Sam Jaffe;Finlay Currie;Frank Thring;Terence Longdon;George Relph;André Morell,15900000,212,196200000
197,Hotel Rwanda ,,,4 March 2005,8.1,Terry George,Don Cheadle;Xolani Mali;Desmond Dube;Hakeem Kae-Kazim;Tony Kgoroge;Rosie Motene;Neil McCarthy;Mabutho 'Kid' Sithole;Nick Nolte;Fana Mokoena;Jeremiah Ndlovu;Sophie Okonedo;Lebo Mashile;Antonio David Lyons;Leleti Khumalo,17500000,121,36532987
198,12 Years a Slave ,,,8 November 2013,8.1,Steve McQueen,Chiwetel Ejiofor;Dwight Henry;Dickie Gravois;Bryan Batt;Ashley Dyke;Kelsey Scott;Quvenzhané Wallis;Cameron Zeigler;Tony Bentley;Scoot McNairy;Taran Killam;Christopher Berry;Bill Camp;Mister Mackey Jr.;Chris Chalk,20000000,134,187733202
199,Million Dollar Baby ,PG,"Drama; 
Sport",28 January 2005,8.1,Clint Eastwood,Clint Eastwood;Hilary Swank;Morgan Freeman;Jay Baruchel;Mike Colter;Lucia Rijker;Brían F. O'Byrne;Anthony Mackie;Margo Martindale;Riki Lindhome;Michael Peña;Benito Martinez;Bruce MacVittie;David Powledge;Joe D'Angerio,30000000,132,216763646
200,Andrei Rublev ,,,December 1969,8.2,Andrei Tarkovsky,Anatoliy Solonitsyn;Ivan Lapikov;Nikolay Grinko;Nikolay Sergeev;Irina Tarkovskaya;Nikolay Burlyaev;Yuriy Nazarov;Yuriy Nikulin;Rolan Bykov;Nikolay Grabbe;Mikhail Kononov;Stepan Krylov;Bolot Beyshenaliev;B. Matysik;Anatoliy Obukhov,,165,
201,Rush ,,"Action; 
Biography; 
Drama",27 September 2013,8.1,Ron Howard,Chris Hemsworth;Daniel Brühl;Olivia Wilde;Alexandra Maria Lara;Pierfrancesco Favino;David Calder;Natalie Dormer;Stephen Mangan;Christian McKay;Alistair Petrie;Julian Rhind-Tutt;Colin Stinton;Jamie de Courcey;Augusto Dallara;Ilario Calvo,38000000,123,90247624
202,La passion de Jeanne d'Arc ,,,25 October 1928,8.2,Carl Theodor Dreyer,Maria Falconetti;Eugene Silvain;André Berley;Maurice Schutz;Antonin Artaud;Michel Simon;Jean d'Yd;Louis Ravet;Armand Lurville;Jacques Arnna;Alexandre Mihalesco;Léon Larive,,110,
203,Le salaire de la peur ,,"Adventure; 
Drama; 
Thriller",22 April 1953,8.1,Henri-Georges Clouzot,Yves Montand;Charles Vanel;Folco Lulli;Peter van Eyck;Véra Clouzot;William Tubbs;Darío Moreno;Jo Dest;Antonio Centa;Luis De Lima;Grégoire Gromoff;Joseph Palau-Fabre;Faustini;Seguna;Darling Légitimus,,131,
204,Before Sunrise ,PG,"Drama; 
Romance",27 January 1995,8.1,Richard Linklater,Ethan Hawke;Julie Delpy;Andrea Eckert;Hanno Pöschl;Karl Bruckschwaiger;Tex Rubinowitz;Erni Mangold;Dominik Castell;Haymon Maria Buttinger;Harald Waiglein;Bilge Jeschim;Kurti;Hans Weingartner;Liese Lyon;Peter Ily Huemer,2500000,101,17200000
205,Mad Max: Fury Road ,,"Action; 
Adventure; 
Sci-Fi",15 May 2015,8.1,George Miller,Tom Hardy;Charlize Theron;Nicholas Hoult;Hugh Keays-Byrne;Josh Helman;Nathan Jones;Zoë Kravitz;Rosie Huntington-Whiteley;Riley Keough;Abbey Lee;Courtney Eaton;John Howard;Richard Carter;Iota;Angus Sampson,,120,
206,Les quatre cents coups ,,"Crime; 
Drama",3 June 1959,8.1,François Truffaut,Jean-Pierre Léaud;Claire Maurier;Albert Rémy;Guy Decomble;Georges Flamant;Patrick Auffay;Daniel Couturier;François Nocher;Richard Kanayan;Renaud Fontanarosa;Michel Girard;Serge Moati;Bernard Abbou;Jean-François Bergouignan;Michel Lesignor,,99,
207,Prisoners ,,"Crime; 
Drama; 
Mystery",20 September 2013,8.1,Denis Villeneuve,Hugh Jackman;Jake Gyllenhaal;Viola Davis;Maria Bello;Terrence Howard;Melissa Leo;Paul Dano;Dylan Minnette;Zoë Soul;Erin Gerasimovich;Kyla-Drew;Wayne Duvall;Len Cariou;David Dastmalchian;Brad James,46000000,153,122126687
208,Hachi: A Dog's Tale ,,"Drama; 
Family",12 March 2010,8.1,Lasse Hallström,Richard Gere;Joan Allen;Cary-Hiroyuki Tagawa;Sarah Roemer;Jason Alexander;Erick Avari;Davenia McFadden;Robbie Sublett;Kevin DeCoste;Rob Degnan;Tora Hallström;Donna Sorbello;Frank S. Aronson;Troy Doherty;Ian Sherman,16000000,93,47707417
209,Spotlight ,,"Crime; 
Drama; 
History",20 November 2015,8.1,Tom McCarthy,Mark Ruffalo;Michael Keaton;Rachel McAdams;Liev Schreiber;John Slattery;Brian d'Arcy James;Stanley Tucci;Elena Wohl;Gene Amoroso;Doug Murray;Sharon McFarlane;Jamey Sheridan;Neal Huff;Billy Crudup;Robert B. Kennedy,20000000,129,98275238
210,Logan ,,"Action; 
Drama; 
Sci-Fi",3 March 2017,8.1,James Mangold,Hugh Jackman;Patrick Stewart;Dafne Keen;Boyd Holbrook;Stephen Merchant;Elizabeth Rodriguez;Richard E. Grant;Eriq La Salle;Elise Neal;Quincy Fouse;Al Coronel;Frank Gallegos;Anthony Escobar;Reynaldo Gallegos;Krzysztof Soszynski,97000000,137,619021436
211,Rang De Basanti ,,"Comedy; 
Drama",26 January 2006,8.2,Rakeysh Omprakash Mehra,Aamir Khan;Siddharth;Sharman Joshi;Kunal Kapoor;Atul Kulkarni;Alice Patten;Soha Ali Khan;Steven Mackintosh;Madhavan;Waheeda Rehman;Anupam Kher;Kiron Kher;Om Puri;Lekh Tandon;Cyrus Sahukar,,157,
212,Amores perros ,,"Drama; 
Thriller",16 June 2000,8.1,Alejandro G. Iñárritu,Emilio Echevarría;Gael García Bernal;Goya Toledo;Álvaro Guerrero;Vanessa Bauche;Jorge Salinas;Marco Pérez;Rodrigo Murray;Humberto Busto;Gerardo Campbell;Rosa María Bianchi;Dunia Saldívar;Adriana Barraza;José Sefami;Lourdes Echevarría,2000000,154,
213,The Princess Bride ,PG,"Adventure; 
Family; 
Fantasy",9 October 1987,8.1,Rob Reiner,Cary Elwes;Mandy Patinkin;Chris Sarandon;Christopher Guest;Wallace Shawn;André the Giant;Fred Savage;Robin Wright;Peter Falk;Peter Cook;Mel Smith;Carol Kane;Billy Crystal;Anne Dyson;Margery Mason,16000000,98,
214,Catch Me If You Can ,PG,,2 January 2003,8.1,Steven Spielberg,Leonardo DiCaprio;Tom Hanks;Christopher Walken;Martin Sheen;Nathalie Baye;Amy Adams;James Brolin;Brian Howe;Frank John Hughes;Steve Eastin;Chris Ellis;John Finn;Jennifer Garner;Nancy Lenehan;Ellen Pompeo,52000000,141,352114312
215,Kaze no tani no Naushika ,PG,,11 March 1984,8.1,Hayao Miyazaki,Sumi Shimamoto;Mahito Tsujimura;Hisako Kyôda;Gorô Naya;Ichirô Nagai;Kôhei Miyauchi;Jôji Yanami;Minoru Yada;Rihoko Yoshida;Masako Sugaya;Takako Sasuga;Chika Sakamoto;Tarako;Yôji Matsuda;Mîna Tominaga,1000000,117,
216,Harry Potter and the Deathly Hallows: Part 2 ,PG,"Adventure; 
Drama; 
Fantasy",15 July 2011,8.1,David Yates,Ralph Fiennes;Michael Gambon;Alan Rickman;Daniel Radcliffe;Rupert Grint;Emma Watson;Evanna Lynch;Domhnall Gleeson;Clémence Poésy;Warwick Davis;John Hurt;Helena Bonham Carter;Graham Duff;Anthony Allgood;Rusty Goffe,125000000,130,1341511219
217,Butch Cassidy and the Sundance Kid ,,,24 October 1969,8.1,George Roy Hill,Paul Newman;Robert Redford;Katharine Ross;Strother Martin;Henry Jones;Jeff Corey;George Furth;Cloris Leachman;Ted Cassidy;Kenneth Mars;Donnelly Rhodes;Jody Gilbert;Timothy Scott;Don Keefer;Charles Dierkop,6000000,110,
218,Rocky ,PG,"Drama; 
Sport",3 December 1976,8.1,John G. Avildsen,Sylvester Stallone;Talia Shire;Burt Young;Carl Weathers;Burgess Meredith;Thayer David;Joe Spinell;Jimmy Gambina;Bill Baldwin;Al Silvani;George Memmoli;Jodi Letizia;Diana Lewis;George O'Hanlon;Larry Carroll,960000,120,225000000
219,Barry Lyndon ,PG,"Adventure; 
Drama; 
History",18 December 1975,8.1,Stanley Kubrick,Ryan O'Neal;Marisa Berenson;Patrick Magee;Hardy Krüger;Steven Berkoff;Gay Hamilton;Marie Kean;Diana Körner;Murray Melvin;Frank Middlemass;André Morell;Arthur O'Sullivan;Godfrey Quigley;Leonard Rossiter;Philip Stone,11000000,185,31500000
220,"Monsters, Inc. ",G,,2 November 2001,8.1,,John Goodman;Billy Crystal;Mary Gibbs;Steve Buscemi;James Coburn;Jennifer Tilly;Bob Peterson;John Ratzenberger;Frank Oz;Daniel Gerson;Steve Susskind;Bonnie Hunt;Jeff Pidgeon;Samuel Lord Black;Jack Angel,115000000,92,562816256
221,The Grapes of Wrath ,PG,"Drama; 
History",15 March 1940,8.1,John Ford,Henry Fonda;Jane Darwell;John Carradine;Charley Grapewin;Dorris Bowdon;Russell Simpson;O.Z. Whitehead;John Qualen;Eddie Quillan;Zeffie Tilbury;Frank Sully;Frank Darien;Darryl Hickman;Shirley Mills;Roger Imhof,800000,129,
222,The Maltese Falcon ,PG,,18 October 1941,8.1,John Huston,Humphrey Bogart;Mary Astor;Gladys George;Peter Lorre;Barton MacLane;Lee Patrick;Sydney Greenstreet;Ward Bond;Jerome Cowan;Elisha Cook Jr.;James Burke;Murray Alper;John Hamilton,375000,100,1772000
223,Dead Poets Society ,,"Comedy; 
Drama",9 June 1989,8.1,Peter Weir,Robin Williams;Robert Sean Leonard;Ethan Hawke;Josh Charles;Gale Hansen;Dylan Kussman;Allelon Ruggiero;James Waterston;Norman Lloyd;Kurtwood Smith;Carla Belver;Leon Pownall;George Martin;Joe Aufiery;Matt Carey,16400000,128,140000000
224,Donnie Darko ,,"Drama; 
Sci-Fi; 
Thriller",26 October 2001,8.1,Richard Kelly,Jake Gyllenhaal;Holmes Osborne;Maggie Gyllenhaal;Daveigh Chase;Mary McDonnell;James Duval;Arthur Taxier;Patrick Swayze;Mark Hoffman;David St. James;Tom Tangen;Jazzie Mahannah;Jolene Purdy;Stuart Stone;Gary Lundy,,113,
225,The Terminator ,R,"Action; 
Sci-Fi",26 October 1984,8.0,James Cameron,Arnold Schwarzenegger;Michael Biehn;Linda Hamilton;Paul Winfield;Lance Henriksen;Rick Rossovich;Bess Motta;Earl Boen;Dick Miller;Shawn Schepps;Bruce M. Kerner;Franco Columbu;Bill Paxton;Brad Rearden;Brian Thompson,6400000,107,40000000
226,Gandhi ,PG,,17 February 1983,8.1,Richard Attenborough,Ben Kingsley;Rohini Hattangadi;Roshan Seth;Candice Bergen;Edward Fox;John Gielgud;Trevor Howard;John Mills;Martin Sheen;Ian Charleson;Günther Maria Halmer;Athol Fugard;Saeed Jaffrey;Geraldine James;Alyque Padamsee,22000000,191,127767889
227,Les diaboliques ,,"Crime; 
Drama; 
Horror",29 January 1955,8.1,Henri-Georges Clouzot,Simone Signoret;Véra Clouzot;Paul Meurisse;Charles Vanel;Jean Brochard;Thérèse Dorny;Michel Serrault;Georges Chamarat;Robert Dalban;Camille Guérini;Jacques Hilling;Jean Lefebvre;Aminda Montserrat;Jean Témerson;Jacques Varennes,,117,
228,La haine ,,"Crime; 
Drama",1 September 1995,8.1,Mathieu Kassovitz,Vincent Cassel;Hubert Koundé;Saïd Taghmaoui;Abdel Ahmed Ghili;Solo;Joseph Momo;Héloïse Rauth;Rywka Wajsbrot;Olga Abrego;Laurent Labasse;Choukri Gabteni;Nabil Ben Mhamed;Benoît Magimel;Médard Niang;Arash Mansour,,98,
229,Groundhog Day ,PG,"Comedy; 
Fantasy; 
Romance",12 February 1993,8.0,Harold Ramis,Bill Murray;Andie MacDowell;Chris Elliott;Stephen Tobolowsky;Brian Doyle-Murray;Marita Geraghty;Angela Paton;Rick Ducommun;Rick Overton;Robin Duke;Carol Bivins;Willie Garson;Ken Hudson Campbell;Les Podewell;Rod Sell,14600000,101,
230,The Wizard of Oz ,G,"Adventure; 
Family; 
Fantasy",21 August 1939,8.0,,Judy Garland;Frank Morgan;Ray Bolger;Bert Lahr;Jack Haley;Billie Burke;Margaret Hamilton;Charley Grapewin;Pat Walshe;Clara Blandick;Terry;The Singer Midgets,2800000,102,
231,Jaws ,R,"Adventure; 
Drama; 
Thriller",20 June 1975,8.0,Steven Spielberg,Roy Scheider;Robert Shaw;Richard Dreyfuss;Lorraine Gary;Murray Hamilton;Carl Gottlieb;Jeffrey Kramer;Susan Backlinie;Jonathan Filley;Ted Grossman;Chris Rebello;Jay Mello;Lee Fierro;Jeffrey Voorhees;Craig Kingsbury,8000000,124,470653000
232,Le notti di Cabiria ,,Drama,16 October 1957,8.1,Federico Fellini,Giulietta Masina;François Périer;Franca Marzi;Dorian Gray;Aldo Silvani;Ennio Girolami;Mario Passante;Christian Tassou;Amedeo Nazzari,,110,
233,The Help ,PG,Drama,10 August 2011,8.1,Tate Taylor,Emma Stone;Viola Davis;Bryce Dallas Howard;Octavia Spencer;Jessica Chastain;Ahna O'Reilly;Allison Janney;Anna Camp;Eleanor Henry;Emma Henry;Chris Lowell;Cicely Tyson;Mike Vogel;Sissy Spacek;Brian Kerwin,25000000,146,216639112
234,Faa yeung nin wa ,PG,"Drama; 
Romance",29 September 2000,8.1,Kar-Wai Wong,Maggie Cheung;Tony Chiu-Wai Leung;Ping Lam Siu;Tung Cho 'Joe' Cheung;Rebecca Pan;Kelly Lai Chen;Man-Lei Chan;Szu-Ying Chien;Roy Cheung;Paulyn Sun;Po-chun Chow;Kam-Wah Koo;Hsien Yu,,98,
235,Mandariinid ,,"Drama; 
War",17 October 2013,8.2,Zaza Urushadze,Lembit Ulfsak;Giorgi Nakashidze;Misha Meskhi;Elmo Nüganen;Raivo Trass;Zura Begalishvili;Dato Khakhidze;Jano Izoria;Gia Gogishvili;Vamekh Jangidze;Aleko Begalishvili;Temo Khutsishvili;Giorgi Tsaava;Denis Khlibov;Victor Gegeshidze,,87,942487
236,Sanjuro ,,"Action; 
Crime; 
Drama",1 January 1962,8.1,Akira Kurosawa,Toshirô Mifune;Tatsuya Nakadai;Keiju Kobayashi;Yûzô Kayama;Reiko Dan;Takashi Shimura;Kamatari Fujiwara;Takako Irie;Masao Shimizu;Yûnosuke Itô;Akira Kubo;Hiroshi Tachikawa;Yoshio Tsuchiya;Kunie Tanaka;Tatsuyoshi Ehara,,96,
237,Before Sunset ,,"Drama; 
Romance",30 July 2004,8.1,Richard Linklater,Ethan Hawke;Julie Delpy;Vernon Dobtcheff;Louise Lemoine Torrès;Rodolphe Pauly;Mariane Plasteig;Diabolo;Denis Evrard;Albert Delpy;Marie Pillet,2700000,80,
238,Paper Moon ,PG,"Comedy; 
Drama",9 May 1973,8.1,Peter Bogdanovich,Ryan O'Neal;Tatum O'Neal;Madeline Kahn;John Hillerman;P.J. Johnson;Jessie Lee Fulton;James N. Harrell;Lila Waters;Noble Willingham;Bob Young;Jack Saunders;Jody Wilbur;Liz Ross;Yvonne Harrison;Ed Reed,2500000,102,
239,Ah-ga-ssi ,,"Drama; 
Romance; 
Thriller",28 October 2016,8.1,Chan-wook Park,Min-hee Kim;Tae-ri Kim;Jung-woo Ha;Jin-Woong Cho;Hae-sook Kim;So-Ri Moon;Si-yeon Ha;Ha-na Han;Ha-dam Jeong;Eun-hyung Jo;Eun-yeong Kim;In-woo Kim;Dong-hwi Lee;Kyu-jung Lee;Yong-nyeo Lee,,144,1968494
240,"Paris, Texas ",,Drama,23 August 1984,8.1,Wim Wenders,Harry Dean Stanton;Nastassja Kinski;Dean Stockwell;Aurore Clément;Hunter Carson;Bernhard Wicki;Sam Berry;Claresie Mobley;Viva;Edward Fayton;Socorro Valdez;Justin Hogg;Tom Farrell;John Lurie;Jeni Vici,,145,
241,Tenkû no shiro Rapyuta ,PG,,2 August 1986,8.1,Hayao Miyazaki,Anna Paquin;James Van Der Beek;Cloris Leachman;Mark Hamill;Richard Dysart;Jim Cummings;John Hostetter;Michael McShane;Mandy Patinkin;Andy Dick;Corey Burton;John DeMita;Debi Derryberry;Eddie Frierson;Susan Hickman,,125,
242,The Best Years of Our Lives ,,"Drama; 
Romance; 
War",29 May 1947,8.1,William Wyler,Myrna Loy;Fredric March;Dana Andrews;Teresa Wright;Virginia Mayo;Cathy O'Donnell;Hoagy Carmichael;Harold Russell;Gladys George;Roman Bohnen;Ray Collins;Minna Gombell;Walter Baldwin;Steve Cochran;Dorothy Adams,2100000,170,44309982
243,Pirates of the Caribbean: The Curse of the Black Pearl ,,"Action; 
Adventure; 
Fantasy",9 July 2003,8.0,Gore Verbinski,Johnny Depp;Geoffrey Rush;Orlando Bloom;Keira Knightley;Jack Davenport;Jonathan Pryce;Lee Arenberg;Mackenzie Crook;Damian O'Hare;Giles New;Angus Barnett;David Bailie;Michael Berry Jr.;Isaac C. Singleton Jr.;Kevin McNally,140000000,143,654264015
244,Gangs of Wasseypur ,,"Action; 
Comedy; 
Crime",2 August 2012,8.2,Anurag Kashyap,Manoj Bajpayee;Richa Chadha;Nawazuddin Siddiqui;Tigmanshu Dhulia;Jameel Khan;Piyush Mishra;Jaideep Ahlawat;Huma Qureshi;Zeishan Quadri;Vipin Sharma;Satyakam Anand;Aditya Kumar;Rajkummar Rao;Vineet Kumar Singh;Sankalp Acharekar,,321,
245,Guardians of the Galaxy ,PG,"Action; 
Adventure; 
Comedy",1 August 2014,8.1,James Gunn,Chris Pratt;Zoe Saldana;Dave Bautista;Vin Diesel;Bradley Cooper;Lee Pace;Michael Rooker;Karen Gillan;Djimon Hounsou;John C. Reilly;Glenn Close;Benicio Del Toro;Laura Haddock;Sean Gunn;Peter Serafinowicz,170000000,121,774176600
246,Fanny och Alexander ,,Drama,17 December 1982,8.1,Ingmar Bergman,Kristina Adolphson;Börje Ahlstedt;Pernilla Allwin;Kristian Almgren;Carl Billquist;Axel Düberg;Allan Edwall;Siv Ericks;Ewa Fröling;Patricia Gélin;Majlis Granlund;Maria Granlund;Bertil Guve;Eva von Hanno;Sonya Hedenbratt,6000000,188,
247,La La Land ,PG,"Comedy; 
Drama; 
Music",25 December 2016,8.0,Damien Chazelle,Ryan Gosling;Emma Stone;Amiée Conn;Terry Walters;Thom Shelton;Cinda Adams;Callie Hernandez;Jessica Rothe;Sonoya Mizuno;Rosemarie DeWitt;J.K. Simmons;Claudine Claudio;Jason Fuchs;D.A. Wallach;Trevor Lissauer,30000000,128,446092357
248,Drishyam ,PG,"Crime; 
Drama; 
Thriller",31 July 2015,8.3,Nishikant Kamat,Ajay Devgn;Shriya Saran;Tabu;Rajat Kapoor;Ishita Dutta;Mrunal Jadhav;Prasanna Ketkar;Yogesh Sonam;Prathamesh Parab;Rishab Chadha;Ashish Warang;Anil Nagarkar;Tarun Shukla;Smita Inamdar;Sanjay Bhatia,9400000,163,
249,8½ ,PG,Drama,16 February 1963,8.1,Federico Fellini,Marcello Mastroianni;Claudia Cardinale;Anouk Aimée;Sandra Milo;Rossella Falk;Barbara Steele;Madeleine Lebeau;Caterina Boratto;Eddra Gale;Guido Alberti;Mario Conocchia;Bruno Agostini;Cesarino Miceli Picardi;Jean Rougeul;Mario Pisu,,138,
